sgRNA sequence,sgRNA context sequence,Gene symbol,sgrna genomic position,sgRNA Strand,PAM,Edit,Nucleotide edits,Amino acid edits,Mutation category
AAAACGACCACCCGAAACCT,,ONE_NON-GENE_SITE,,,,,,ONE_NON-GENE_SITE,ONE_NON-GENE_SITE
AAACAGAGGCCGCATGCTGG,AATCAAACAGAGGCCGCATGCTGGGGCCGT,BCL2,63128715,antisense,GGCC,C-T,C_4,Leu209Leu,Silent
AAACTGAGCAGAGTCTTCAG,GGCCAAACTGAGCAGAGTCTTCAGAGACAG,BCL2,63128677,antisense,AGAC,C-T,C_4,Ser222Asn,Missense
AAAGCGTCCCCGCGCGGTGA,TGGCAAAGCGTCCCCGCGCGGTGAAGGGCG,BCL2,63318277,antisense,AGGG,C-T,"C_8, C_5","Gly128Glu, Arg129His","Missense, Missense"
AAAGCTATTTATCGCGTCGT,,NO_SITE,,,,,,NO_SITE,NO_SITE
AAAGGCATCCTGCAGTTGGG,CCACAAAGGCATCCTGCAGTTGGGGGAGAG,BCL2,63128751,antisense,GGAG,C-T,C_6,Ala197Thr,Missense
AAATACTCGATCGACGACTA,,NO_SITE,,,,,,NO_SITE,NO_SITE
AAATCGCTAAGGTAGCATAT,,ONE_NON-GENE_SITE,,,,,,ONE_NON-GENE_SITE,ONE_NON-GENE_SITE
AACAACGCGTCGCGATAGTG,,NO_SITE,,,,,,NO_SITE,NO_SITE
AACAGGGTACGATAACCGGG,GGAGAACAGGGTACGATAACCGGGAGATAG,BCL2,63318630,sense,AGAT,C-T,,,
AACATCGCCCTGTGGATGAC,GGACAACATCGCCCTGTGGATGACTGAGTA,BCL2,63318134,sense,TGAG,C-T,"C_6, C_8","Ile173Ile, Ala174Val","Silent, Missense"
AACCGGCACCTGCACACCTG,CCTGAACCGGCACCTGCACACCTGGATCCA,BCL2,63318104,sense,GATC,C-T,"C_4, C_7","Arg183Trp, His184Tyr","Missense, Missense"
AACCGGGAGATGTCGCCCCT,CGTCAACCGGGAGATGTCGCCCCTGGTGGA,BCL2,63318161,sense,GGTG,C-T,C_4,Arg164Trp,Missense
AACTCCTACGAAGATAGTAC,,ONE_NON-GENE_SITE,,,,,,ONE_NON-GENE_SITE,ONE_NON-GENE_SITE
AACTGAGCAGAGTCTTCAGA,GCCAAACTGAGCAGAGTCTTCAGAGACAGC,BCL2,63128678,antisense,GACA,C-T,C_8,Leu220Leu,Silent
AACTGCAGGATGCCTTTGTG,CCCCAACTGCAGGATGCCTTTGTGGAACTG,BCL2,63128748,sense,GAAC,C-T,C_6,(NC),Intron
AACTGTACGGCCCCAGCATG,GTGGAACTGTACGGCCCCAGCATGCGGCCT,BCL2,63128727,sense,CGGC,C-T,C_8,Tyr202Tyr,Silent
AAGAAACCGATGGGACGCCG,,ONE_NON-GENE_SITE,,,,,,ONE_NON-GENE_SITE,ONE_NON-GENE_SITE
AAGAGCTCCTCCACCACCGT,CCTGAAGAGCTCCTCCACCACCGTGGCAAA,BCL2,63318254,antisense,GGCA,C-T,C_8_6,Glu136Lys,Missense
AAGATGCCCGGTGCGGGGGC,GGAGAAGATGCCCGGTGCGGGGGCGGCCCC,BCL2,63318521,antisense,GGCC,C-T,C_8_7,Gly47Asn,Missense
AAGCGACGTTCGTCCGATAG,,NO_SITE,,,,,,NO_SITE,NO_SITE
AAGCGCTTATTACGCGCAGT,,NO_SITE,,,,,,NO_SITE,NO_SITE
AAGCGTCCCCGCGCGGTGAA,GGCAAAGCGTCCCCGCGCGGTGAAGGGCGT,BCL2,63318278,antisense,GGGC,C-T,"C_8_7, C_4","Gly128Lys, Arg129His","Missense, Missense"
AAGCTGTCGCAGAGGGGCTA,TTATAAGCTGTCGCAGAGGGGCTACGAGTG,BCL2,63318584,sense,CGAG,C-T,"C_4, C_8","Leu23Leu, Ser24Leu","Silent, Missense"
AAGGATGGCGCACGCTGGGA,TGGGAAGGATGGCGCACGCTGGGAGAACAG,BCL2,63318651,sense,GAAC,C-T,,,
AAGGCATCCTGCAGTTGGGG,CACAAAGGCATCCTGCAGTTGGGGGAGAGG,BCL2,63128752,antisense,GAGA,C-T,"C_8, C_5","Asp196Asn, Ala197Thr","Missense, Missense"
AAGGCCTTCAAAGTTAGACC,,ONE_NON-GENE_SITE,,,,,,ONE_NON-GENE_SITE,ONE_NON-GENE_SITE
AAGGGGTCGTACGCGAATAC,,NO_SITE,,,,,,NO_SITE,NO_SITE
AAGTCGCGGCGGTAGCGGCG,GGCGAAGTCGCGGCGGTAGCGGCGGGAGAA,BCL2,63318332,antisense,GGAG,C-T,"C_7, C_5","Arg110His, Asp111Asn","Missense, Missense"
AAGTCGTCGCCGGCCTGGCG,GGAGAAGTCGTCGCCGGCCTGGCGGAGGGT,BCL2,63318356,antisense,GAGG,C-T,"C_8, C_5","Asp102Asn, Asp103Asn","Missense, Missense"
AAGTGCACCTACCCAGCCTC,CACCAAGTGCACCTACCCAGCCTCCGTTAT,BCL2,63318070,antisense,CGTT,C-T,"C_8, C_6","(NC), (NC)","Intron, Intron"
AATACGCCGCGCGGTCGAAA,,NO_SITE,,,,,,NO_SITE,NO_SITE
AATATACCGCTTTGGCACAT,,ONE_NON-GENE_SITE,,,,,,ONE_NON-GENE_SITE,ONE_NON-GENE_SITE
AATCCTCCCCCAGTTCACCC,CCACAATCCTCCCCCAGTTCACCCCGTCCC,BCL2,63318226,antisense,CGTC,C-T,"C_8_7, C_5_4","Gly145Glu, Arg146Lys","Missense, Missense"
AATCGCAATATCTCGCGACA,,NO_SITE,,,,,,NO_SITE,NO_SITE
ACAAAGGCATCCTGCAGTTG,TTCCACAAAGGCATCCTGCAGTTGGGGGAG,BCL2,63128749,antisense,GGGG,C-T,C_8,Ala197Thr,Missense
ACAAGTGAAGTCAACATGCC,GGCCACAAGTGAAGTCAACATGCCTGCCCC,BCL2,63128613,sense,TGCC,C-T,,,
ACACCTGGATCCAGGATAAC,CTGCACACCTGGATCCAGGATAACGGAGGC,BCL2,63318091,sense,GGAG,C-T,C_4_5,Thr187Ile,Missense
ACACGTCGATAACTCGACGG,,NO_SITE,,,,,,NO_SITE,NO_SITE
ACAGCAGATGTAGATACGAC,,ONE_NON-GENE_SITE,,,,,,ONE_NON-GENE_SITE,ONE_NON-GENE_SITE
ACAGCCAGGAGAAATCAAAC,AGAGACAGCCAGGAGAAATCAAACAGAGGC,BCL2,63128699,antisense,AGAG,C-T,C_6_5,Trp214Ter,Nonsense
ACAGCGTGGAAGCACACCGA,,ONE_NON-GENE_SITE,,,,,,ONE_NON-GENE_SITE,ONE_NON-GENE_SITE
ACAGGCACGTGCTAAAAGAC,,ONE_NON-GENE_SITE,,,,,,ONE_NON-GENE_SITE,ONE_NON-GENE_SITE
ACAGGGCGATGTTGTCCACC,ATCCACAGGGCGATGTTGTCCACCAGGGGC,BCL2,63318141,antisense,AGGG,C-T,C_7,Ala174Thr,Missense
ACAGGGTACGATAACCGGGA,GAGAACAGGGTACGATAACCGGGAGATAGT,BCL2,63318629,sense,GATA,C-T,,,
ACAGGTGGCACCGGGCTGAG,GACCACAGGTGGCACCGGGCTGAGCGCAGG,BCL2,63318392,antisense,CGCA,C-T,,,
ACAGTTCCACAAAGGCATCC,CCGTACAGTTCCACAAAGGCATCCTGCAGT,BCL2,63128741,antisense,TGCA,C-T,"C_8, C_7","Val199Val, Glu200Lys","Silent, Missense"
ACATCCATTATAAGCTGTCG,AAGTACATCCATTATAAGCTGTCGCAGAGG,BCL2,63318595,sense,CAGA,C-T,"C_5, C_6","Ile19Ile, His20Tyr","Silent, Missense"
ACATCGCCCTGTGGATGACT,GACAACATCGCCCTGTGGATGACTGAGTAC,BCL2,63318133,sense,GAGT,C-T,"C_5, C_7_8","Ile173Ile, Ala174Val","Silent, Missense"
ACATCTCCCGCATCCCACTC,GCCCACATCTCCCGCATCCCACTCGTAGCC,BCL2,63318563,antisense,GTAG,C-T,"C_8_7, C_5","Gly33Lys, Asp34Asn","Missense, Missense"
ACATCTCGGCGAAGTCGCGG,CTGGACATCTCGGCGAAGTCGCGGCGGTAG,BCL2,63318321,antisense,CGGT,C-T,C_7_5,Glu114Lys,Missense
ACATGACCCCACCGAACTCA,ACACACATGACCCCACCGAACTCAAAGAAG,BCL2,63318195,antisense,AAGA,C-T,"C_8, C_7","Gly155Gly, Val156Ile","Silent, Missense"
ACCAAGTCGTCCGGCGATTC,,NO_SITE,,,,,,NO_SITE,NO_SITE
ACCACAGGTGGCACCGGGCT,GTGGACCACAGGTGGCACCGGGCTGAGCGC,BCL2,63318389,antisense,GAGC,C-T,C_5,Val92Met,Missense
ACCAGGGCCAAACTGAGCAG,TCCCACCAGGGCCAAACTGAGCAGAGTCTT,BCL2,63128668,antisense,AGTC,C-T,C_8,Ala224Thr,Missense
ACCCAGCCTCCGTTATCCTG,ACCTACCCAGCCTCCGTTATCCTGGATCCA,BCL2,63318080,antisense,GATC,C-T,"C_8_7, C_4","Gly194Asn, Trp195Ter","Missense, Nonsense"
ACCCCACCGAACTCAAAGAA,CATGACCCCACCGAACTCAAAGAAGGCCAC,BCL2,63318200,antisense,GGCC,C-T,"C_8_7, C_5_4","Gly154Asn, Gly155Lys","Missense, Missense"
ACCCCGGCTGCCCCCGGCGC,GCAGACCCCGGCTGCCCCCGGCGCCGCCGC,BCL2,63318428,sense,CGCC,C-T,"C_4_5, C_8","Pro75Leu, Ala76Val","Missense, Missense"
ACCCGTATCCTTTCGACGCG,,NO_SITE,,,,,,NO_SITE,NO_SITE
ACCCTCCGCCAGGCCGGCGA,CCTGACCCTCCGCCAGGCCGGCGACGACTT,BCL2,63318362,sense,CGAC,C-T,"C_4_6, C_7","Leu97Phe, Arg98Cys","Missense, Missense"
ACCGCCGCGACTTCGCCGAG,CGCTACCGCCGCGACTTCGCCGAGATGTCC,BCL2,63318325,sense,ATGT,C-T,"C_5, C_6_8","Arg109Arg, Arg110Cys","Silent, Missense"
ACCGCGCGGGGACGCTTTGC,CTTCACCGCGCGGGGACGCTTTGCCACGGT,BCL2,63318275,sense,CACG,C-T,"C_5, C_7","Ala126Val, Arg127Trp","Missense, Missense"
ACCGGGAGATGTCGCCCCTG,GTCAACCGGGAGATGTCGCCCCTGGTGGAC,BCL2,63318160,sense,GTGG,C-T,,,
ACCGGGCATCTTCTCCTCCC,CCGCACCGGGCATCTTCTCCTCCCAGCCCG,BCL2,63318513,sense,AGCC,C-T,C_7,Gly47Gly,Silent
ACCGGGCTGAGCGCAGGCCC,TGGCACCGGGCTGAGCGCAGGCCCCGCGGC,BCL2,63318401,antisense,CGCG,C-T,C_7,Ser87Asn,Missense
ACCGGGTCCCGGGATGCGGC,GGCGACCGGGTCCCGGGATGCGGCTGGATG,BCL2,63318470,antisense,TGGA,C-T,C_8,Asp64Asn,Missense
ACCGTGGCAAAGCGTCCCCG,CACCACCGTGGCAAAGCGTCCCCGCGCGGT,BCL2,63318269,antisense,CGCG,C-T,C_8,Ala131Thr,Missense
ACCTCACCTGGATCTCCACA,,EEF2,,,,,,EEF2,EEF2
ACCTCGCCGCTGCAGACCCC,CAGGACCTCGCCGCTGCAGACCCCGGCTGC,BCL2,63318443,sense,GGCT,C-T,"C_5, C_7_8","Ser70Leu, Pro71Leu","Missense, Missense"
ACCTGACCCTCCGCCAGGCC,GTCCACCTGACCCTCCGCCAGGCCGGCGAC,BCL2,63318367,sense,GGCG,C-T,C_7_8,Thr96Ile,Missense
ACCTGACGCCCTTCACCGCG,CTGCACCTGACGCCCTTCACCGCGCGGGGA,BCL2,63318289,sense,CGGG,C-T,C_7,Thr122Met,Missense
ACCTGCACACCTGGATCCAG,CGGCACCTGCACACCTGGATCCAGGATAAC,BCL2,63318097,sense,GATA,C-T,C_6_8,His186Tyr,Missense
ACCTGGATCCAGGATAACGG,GCACACCTGGATCCAGGATAACGGAGGCTG,BCL2,63318089,sense,AGGC,C-T,,,
ACCTTTAATAGGCACGTCCT,,ONE_NON-GENE_SITE,,,,,,ONE_NON-GENE_SITE,ONE_NON-GENE_SITE
ACGACTTCTCCCGCCGCTAC,GGCGACGACTTCTCCCGCCGCTACCGCCGC,BCL2,63318343,sense,CGCC,C-T,"C_5, C_8","Asp103Asp, Phe104Phe","Silent, Silent"
ACGAGTGGGATGCGGGAGAT,GGCTACGAGTGGGATGCGGGAGATGTGGGC,BCL2,63318565,sense,GTGG,C-T,,,
ACGCTGGGAGAACAGGGTAC,GCGCACGCTGGGAGAACAGGGTACGATAAC,BCL2,63318640,sense,GATA,C-T,C_4,Ala4Val,Missense
ACGCTTTGCCACGGTGGTGG,GGGGACGCTTTGCCACGGTGGTGGAGGAGC,BCL2,63318264,sense,AGGA,C-T,C_4,Arg129Arg,Silent
ACGGTGGTGGAGGAGCTCTT,TGCCACGGTGGTGGAGGAGCTCTTCAGGGA,BCL2,63318254,sense,CAGG,C-T,,,
ACTAAACACCCGGGGAACTA,,ONE_NON-GENE_SITE,,,,,,ONE_NON-GENE_SITE,ONE_NON-GENE_SITE
ACTAACAATTAGCGCAGTTG,,ONE_NON-GENE_SITE,,,,,,ONE_NON-GENE_SITE,ONE_NON-GENE_SITE
ACTAACGGCGCATCACCTAA,,ONE_NON-GENE_SITE,,,,,,ONE_NON-GENE_SITE,ONE_NON-GENE_SITE
ACTCAGTCATCCACAGGGCG,AGGTACTCAGTCATCCACAGGGCGATGTTG,BCL2,63318129,antisense,ATGT,C-T,"C_8, C_4","Met177Ile, Glu179Lys","Missense, Missense"
ACTCGTAGCCCCTCTGCGAC,TCCCACTCGTAGCCCCTCTGCGACAGCTTA,BCL2,63318579,antisense,AGCT,C-T,C_4,Glu29Lys,Missense
ACTCTGCTCAGTTTGGCCCT,GAAGACTCTGCTCAGTTTGGCCCTGGTGGG,BCL2,63128671,sense,GGTG,C-T,"C_4, C_7","Leu220Leu, Leu221Phe","Silent, Missense"
ACTGTACGGCCCCAGCATGC,TGGAACTGTACGGCCCCAGCATGCGGCCTC,BCL2,63128726,sense,GGCC,C-T,C_7,Tyr202Tyr,Silent
ACTTCACTTGTGGCCCAGAT,GTTGACTTCACTTGTGGCCCAGATAGGCAC,BCL2,63128622,antisense,AGGC,C-T,"C_7, C_5","Lys239Lys, Ter240Ter","Silent, Silent"
ACTTCTCCCGCCGCTACCGC,GACGACTTCTCCCGCCGCTACCGCCGCGAC,BCL2,63318340,sense,CGCG,C-T,"C_5, C_7_8","Phe104Phe, Ser105Phe","Silent, Missense"
AGAACAGGGTACGATAACCG,TGGGAGAACAGGGTACGATAACCGGGAGAT,BCL2,63318632,sense,GGAG,C-T,C_5,Thr7Ile,Missense
AGAAGGCCACAATCCTCCCC,TCAAAGAAGGCCACAATCCTCCCCCAGTTC,BCL2,63318216,antisense,CAGT,C-T,"C_8, C_7","Val148Val, Ala149Thr","Silent, Missense"
AGAAGTACCTCTCTCTGTTT,,SF3B1,,,,,,SF3B1,SF3B1
AGAAGTCGTCGCCGGCCTGG,CGGGAGAAGTCGTCGCCGGCCTGGCGGAGG,BCL2,63318354,antisense,CGGA,C-T,C_7,Asp103Asn,Missense
AGAGTCTTCAGAGACAGCCA,GAGCAGAGTCTTCAGAGACAGCCAGGAGAA,BCL2,63128686,antisense,GGAG,C-T,C_6,Lys218Lys,Silent
AGAGTTGGTCGAACCGTCGC,,NO_SITE,,,,,,NO_SITE,NO_SITE
AGATGTGGGCGCCGCGCCCC,CGGGAGATGTGGGCGCCGCGCCCCCGGGGG,BCL2,63318549,sense,CGGG,C-T,,,
AGCCAGGAGAAATCAAACAG,AGACAGCCAGGAGAAATCAAACAGAGGCCG,BCL2,63128701,antisense,AGGC,C-T,C_4,Trp214Ter,Nonsense
AGCCGGGGTCTGCAGCGGCG,GGGCAGCCGGGGTCTGCAGCGGCGAGGTCC,BCL2,63318439,antisense,AGGT,C-T,C_4,Pro75Pro,Silent
AGCCTCCGTTATCCTGGATC,ACCCAGCCTCCGTTATCCTGGATCCAGGTG,BCL2,63318084,antisense,CAGG,C-T,"C_7_6, C_4","Gly193Lys, Gly194Ser","Missense, Missense"
AGCGCCACCACCGAAGACTT,,ONE_NON-GENE_SITE,,,,,,ONE_NON-GENE_SITE,ONE_NON-GENE_SITE
AGCGGCGAGGTCCTGGCGAC,CTGCAGCGGCGAGGTCCTGGCGACCGGGTC,BCL2,63318452,antisense,CGGG,C-T,C_6,Ser70Ser,Silent
AGCGTCCCCGCGCGGTGAAG,GCAAAGCGTCCCCGCGCGGTGAAGGGCGTC,BCL2,63318279,antisense,GGCG,C-T,"C_8, C_7_6","Arg127Arg, Gly128Lys","Silent, Missense"
AGCGTGCGCCATCCTTCCCA,TCCCAGCGTGCGCCATCCTTCCCAGAGGAA,BCL2,63318655,antisense,GAGG,C-T,C_7,Ala2Ala,Silent
AGCTATAGCGCGCGAATCGG,,NO_SITE,,,,,,NO_SITE,NO_SITE
AGCTCCCACCAGGGCCAAAC,TGCAAGCTCCCACCAGGGCCAAACTGAGCA,BCL2,63128661,antisense,TGAG,C-T,"C_7, C_6_5","Val226Val, Gly227Lys","Silent, Missense"
AGCTGGCCAGCAATCCACGA,,ONE_NON-GENE_SITE,,,,,,ONE_NON-GENE_SITE,ONE_NON-GENE_SITE
AGCTGGCTGGACATCTCGGC,GTGCAGCTGGCTGGACATCTCGGCGAAGTC,BCL2,63318311,antisense,GAAG,C-T,C_7,Ser117Asn,Missense
AGCTGTCGCAGAGGGGCTAC,TATAAGCTGTCGCAGAGGGGCTACGAGTGG,BCL2,63318583,sense,GAGT,C-T,C_7,Ser24Leu,Missense
AGGAATGGAATTAGCGGACC,,ONE_NON-GENE_SITE,,,,,,ONE_NON-GENE_SITE,ONE_NON-GENE_SITE
AGGACCGTTAACGATACGCG,,NO_SITE,,,,,,NO_SITE,NO_SITE
AGGACGCGATCGAGCGTATA,,NO_SITE,,,,,,NO_SITE,NO_SITE
AGGAGAAATCAAACAGAGGC,AGCCAGGAGAAATCAAACAGAGGCCGCATG,BCL2,63128705,antisense,CGCA,C-T,,,
AGGAGAAGATGCCCGGTGCG,TGGGAGGAGAAGATGCCCGGTGCGGGGGCG,BCL2,63318516,antisense,GGGG,C-T,,,
AGGAGCTCTTCAGGGACGGG,GTGGAGGAGCTCTTCAGGGACGGGGTGAAC,BCL2,63318244,sense,GTGA,C-T,C_6_8,Leu137Phe,Missense
AGGATAACGGAGGCTGGGTA,ATCCAGGATAACGGAGGCTGGGTAGGTGCA,BCL2,63318079,sense,GGTG,C-T,C_8,Asn192Asn,Silent
AGGATGAATAAATCGCCCGT,,ONE_NON-GENE_SITE,,,,,,ONE_NON-GENE_SITE,ONE_NON-GENE_SITE
AGGCATCCTGCAGTTGGGGG,ACAAAGGCATCCTGCAGTTGGGGGAGAGGA,BCL2,63128753,antisense,AGAG,C-T,"C_8, C_7, C_4","(NC), Asp196Asn, Ala197Thr","Splice-acceptor, Missense, Missense"
AGGCATGTTGACTTCACTTG,GGGCAGGCATGTTGACTTCACTTGTGGCCC,BCL2,63128612,antisense,TGGC,C-T,C_4,(NC),UTR
AGGCCCCGCGGCGGCGCCGG,GCGCAGGCCCCGCGGCGGCGCCGGGGGCAG,BCL2,63318415,antisense,GGGC,C-T,"C_7, C_6_5_4","Ala82Ala, Gly83Lys","Silent, Missense"
AGGCCGGCGACGACTTCTCC,CGCCAGGCCGGCGACGACTTCTCCCGCCGC,BCL2,63318352,sense,CGCC,C-T,"C_4_5, C_8","Ala100Val, Gly101Gly","Missense, Silent"
AGGCTGGGTAGGTGCACTTG,ACGGAGGCTGGGTAGGTGCACTTGGTGATG,BCL2,63318069,sense,GTGA,C-T,C_4,Gly194Gly,Silent
AGGGACGGGGTGAACTGGGG,CTTCAGGGACGGGGTGAACTGGGGGAGGAT,BCL2,63318233,sense,GAGG,C-T,C_6,Asp140Asp,Silent
AGGGCGATGTTGTCCACCAG,CCACAGGGCGATGTTGTCCACCAGGGGCGA,BCL2,63318143,antisense,GGGC,C-T,C_5,Ala174Thr,Missense
AGGGGCGACATCTCCCGGTT,CACCAGGGGCGACATCTCCCGGTTGACGCT,BCL2,63318161,antisense,GACG,C-T,C_6,Ser167Ser,Silent
AGGGGCTACGAGTGGGATGC,GCAGAGGGGCTACGAGTGGGATGCGGGAGA,BCL2,63318572,sense,GGGA,C-T,C_6,Gly27Gly,Silent
AGGGTCAGGTGGACCACAGG,GCGGAGGGTCAGGTGGACCACAGGTGGCAC,BCL2,63318377,antisense,TGGC,C-T,C_6,Leu95Leu,Silent
AGGGTGATGCAAGCTCCCAC,ACCCAGGGTGATGCAAGCTCCCACCAGGGC,BCL2,63128650,antisense,CAGG,C-T,,,
AGGTAACGAATTGAACGTAC,,ONE_NON-GENE_SITE,,,,,,ONE_NON-GENE_SITE,ONE_NON-GENE_SITE
AGGTACTCAGTCATCCACAG,GTTCAGGTACTCAGTCATCCACAGGGCGAT,BCL2,63318125,antisense,GGCG,C-T,C_8_6,Glu179Lys,Missense
AGGTCCTGGCGACCGGGTCC,GGCGAGGTCCTGGCGACCGGGTCCCGGGAT,BCL2,63318459,antisense,CGGG,C-T,C_6_5,Arg68Lys,Missense
AGGTGCCGGTTCAGGTACTC,GTGCAGGTGCCGGTTCAGGTACTCAGTCAT,BCL2,63318113,antisense,AGTC,C-T,C_7_6,Arg183Gln,Missense
AGGTGGACCACAGGTGGCAC,GGTCAGGTGGACCACAGGTGGCACCGGGCT,BCL2,63318383,antisense,CGGG,C-T,C_8,Val93Ile,Missense
AGGTGGCACCGGGCTGAGCG,CCACAGGTGGCACCGGGCTGAGCGCAGGCC,BCL2,63318394,antisense,CAGG,C-T,C_7,Val89Val,Silent
AGGTGTGCAGGTGCCGGTTC,ATCCAGGTGTGCAGGTGCCGGTTCAGGTAC,BCL2,63318105,antisense,AGGT,C-T,C_8,Leu185Leu,Silent
AGTCATCCACAGGGCGATGT,ACTCAGTCATCCACAGGGCGATGTTGTCCA,BCL2,63318133,antisense,TGTC,C-T,"C_8_7, C_4","Trp176Ter, Met177Ile","Nonsense, Missense"
AGTCCGCAATTTGCGACGAT,,NO_SITE,,,,,,NO_SITE,NO_SITE
AGTCGATAGGTCGGATACGC,,NO_SITE,,,,,,NO_SITE,NO_SITE
AGTCGCAATTGTTCAGATGG,,ONE_NON-GENE_SITE,,,,,,ONE_NON-GENE_SITE,ONE_NON-GENE_SITE
AGTCGCGGCGGTAGCGGCGG,GCGAAGTCGCGGCGGTAGCGGCGGGAGAAG,BCL2,63318333,antisense,GAGA,C-T,"C_6, C_4","Arg110His, Asp111Asn","Missense, Missense"
AGTCGTCGCCGGCCTGGCGG,GAGAAGTCGTCGCCGGCCTGGCGGAGGGTC,BCL2,63318357,antisense,AGGG,C-T,"C_7, C_4","Asp102Asn, Asp103Asn","Missense, Missense"
AGTCTTCAGAGACAGCCAGG,GCAGAGTCTTCAGAGACAGCCAGGAGAAAT,BCL2,63128688,antisense,AGAA,C-T,"C_7, C_4","Leu217Leu, Lys218Lys","Silent, Silent"
AGTGACCTCGTCATAAGCGG,,ONE_NON-GENE_SITE,,,,,,ONE_NON-GENE_SITE,ONE_NON-GENE_SITE
AGTGGGATGCGGGAGATGTG,TACGAGTGGGATGCGGGAGATGTGGGCGCC,BCL2,63318562,sense,GGCG,C-T,,,
AGTTATCGCCGGCCTAACGC,,NO_SITE,,,,,,NO_SITE,NO_SITE
AGTTCACCCCGTCCCTGAAG,CCCCAGTTCACCCCGTCCCTGAAGAGCTCC,BCL2,63318237,antisense,AGCT,C-T,"C_8, C_7_5","Gly141Gly, Val142Ile","Silent, Missense"
AGTTCCACAAAGGCATCCTG,GTACAGTTCCACAAAGGCATCCTGCAGTTG,BCL2,63128743,antisense,CAGT,C-T,"C_8_6, C_5","Val199Ile, Glu200Lys","Missense, Missense"
AGTTCGGTGGGGTCATGTGT,TTTGAGTTCGGTGGGGTCATGTGTGTGGAG,BCL2,63318193,sense,GTGG,C-T,C_5,Phe153Phe,Silent
AGTTTCACCTGTATAACTAG,,KPNB1,,,,,,KPNB1,KPNB1
ATAACCGGGAGATAGTGATG,TACGATAACCGGGAGATAGTGATGAAGTAC,BCL2,63318619,sense,AAGT,C-T,"C_5, C_6","Asn11Asn, Arg12Trp","Silent, Missense"
ATACTTACTGCAAAAAGAGC,,KPNB1,,,,,,KPNB1,KPNB1
ATATATTTCTAACTCGGAGG,,ONE_NON-GENE_SITE,,,,,,ONE_NON-GENE_SITE,ONE_NON-GENE_SITE
ATCAAACAGAGGCCGCATGC,AGAAATCAAACAGAGGCCGCATGCTGGGGC,BCL2,63128712,antisense,TGGG,C-T,C_7,Leu209Leu,Silent
ATCACCAAGTGCACCTACCC,TCACATCACCAAGTGCACCTACCCAGCCTC,BCL2,63318064,antisense,AGCC,C-T,"C_6, C_5","(NC), (NC)","Intron, Intron"
ATCACCCTGGGTGCCTATCT,TTGCATCACCCTGGGTGCCTATCTGGGCCA,BCL2,63128638,sense,GGGC,C-T,"C_5_6, C_7","Thr231Ile, Leu232Leu","Missense, Silent"
ATCACCTGTTCTGTTGACTG,,SF3B1,,,,,,SF3B1,SF3B1
ATCAGAGGCTAGCTAACCGA,,ONE_NON-GENE_SITE,,,,,,ONE_NON-GENE_SITE,ONE_NON-GENE_SITE
ATCCAAACGTTTCACACCCC,,ONE_NON-GENE_SITE,,,,,,ONE_NON-GENE_SITE,ONE_NON-GENE_SITE
ATCCAGGATAACGGAGGCTG,CTGGATCCAGGATAACGGAGGCTGGGTAGG,BCL2,63318083,sense,GGTA,C-T,C_4,Gln190Ter,Nonsense
ATCCATTATAAGCTGTCGCA,GTACATCCATTATAAGCTGTCGCAGAGGGG,BCL2,63318593,sense,GAGG,C-T,C_4,His20Tyr,Missense
ATCCCCAAGACATGCTCGGT,,ONE_NON-GENE_SITE,,,,,,ONE_NON-GENE_SITE,ONE_NON-GENE_SITE
ATCCCGGGACCCGGTCGCCA,CCGCATCCCGGGACCCGGTCGCCAGGACCT,BCL2,63318465,sense,GGAC,C-T,"C_4, C_5","Ser62Ser, Arg63Trp","Silent, Missense"
ATCCTGCAGTTGGGGGAGAG,AGGCATCCTGCAGTTGGGGGAGAGGAGGGA,BCL2,63128757,antisense,GAGG,C-T,"C_7, C_4","(NC), (NC)","Intron, Splice-acceptor"
ATCCTGGATCCAGGTGTGCA,CGTTATCCTGGATCCAGGTGTGCAGGTGCC,BCL2,63318094,antisense,GGTG,C-T,C_4,Gln190Gln,Silent
ATCCTTCCCAGAGGAAAAGC,CGCCATCCTTCCCAGAGGAAAAGCAACGGG,BCL2,63318665,antisense,AACG,C-T,"C_8, C_7, C_4","(NC), (NC), (NC)","UTR, UTR, UTR"
ATCGTACCCTGTTCTCCCAG,GGTTATCGTACCCTGTTCTCCCAGCGTGCG,BCL2,63318637,antisense,CGTG,C-T,C_8_7,Gly8Glu,Missense
ATCTAGGGAATGCATACGGG,,ONE_NON-GENE_SITE,,,,,,ONE_NON-GENE_SITE,ONE_NON-GENE_SITE
ATCTCCCGCATCCCACTCGT,CCACATCTCCCGCATCCCACTCGTAGCCCC,BCL2,63318565,antisense,AGCC,C-T,"C_7, C_6_5","Ala32Ala, Gly33Lys","Silent, Missense"
ATCTCCCGGTTATCGTACCC,CACTATCTCCCGGTTATCGTACCCTGTTCT,BCL2,63318626,antisense,TGTT,C-T,"C_7_6, C_5","Arg12Gln, Glu13Lys","Missense, Missense"
ATCTCGGCGAAGTCGCGGCG,GGACATCTCGGCGAAGTCGCGGCGGTAGCG,BCL2,63318323,antisense,GTAG,C-T,"C_8, C_5","Ala113Thr, Glu114Lys","Missense, Missense"
ATGACCCCACCGAACTCAAA,ACACATGACCCCACCGAACTCAAAGAAGGC,BCL2,63318197,antisense,GAAG,C-T,"C_8_7_6, C_5","Gly155Lys, Val156Ile","Missense, Missense"
ATGATACCCATGAACGACTC,,ONE_NON-GENE_SITE,,,,,,ONE_NON-GENE_SITE,ONE_NON-GENE_SITE
ATGCCTTTGTGGAACTGTAC,CAGGATGCCTTTGTGGAACTGTACGGCCCC,BCL2,63128739,sense,GGCC,C-T,C_4_5,Ala197Val,Missense
ATGCGGCTGGATGGGGCGTG,CGGGATGCGGCTGGATGGGGCGTGTGCCCG,BCL2,63318483,antisense,TGCC,C-T,"C_7, C_4","Ala60Thr, Ala61Thr","Missense, Missense"
ATGCTAACGGGCCCATACGA,,ONE_NON-GENE_SITE,,,,,,ONE_NON-GENE_SITE,ONE_NON-GENE_SITE
ATGGCGCACGCTGGGAGAAC,AAGGATGGCGCACGCTGGGAGAACAGGGTA,BCL2,63318647,sense,AGGG,C-T,"C_5, C_7","Ala2Val, His3Tyr","Missense, Missense"
ATGGGATTATCGCACCCCCT,,ONE_NON-GENE_SITE,,,,,,ONE_NON-GENE_SITE,ONE_NON-GENE_SITE
ATGGGGCGTGTGCCCGGGCT,CTGGATGGGGCGTGTGCCCGGGCTGGGAGG,BCL2,63318493,antisense,GGGA,C-T,C_7,Thr56Thr,Silent
ATGTCATCCAATTCGTGTGC,,ONE_NON-GENE_SITE,,,,,,ONE_NON-GENE_SITE,ONE_NON-GENE_SITE
ATGTCCAGCCAGCTGCACCT,CGAGATGTCCAGCCAGCTGCACCTGACGCC,BCL2,63318305,sense,GACG,C-T,C_5_6,Ser116Phe,Missense
ATGTGGGCGCCGCGCCCCCG,GGAGATGTGGGCGCCGCGCCCCCGGGGGCC,BCL2,63318547,sense,GGGG,C-T,C_8,Gly36Gly,Silent
ATGTTATAAACGGACGGGTT,,ONE_NON-GENE_SITE,,,,,,ONE_NON-GENE_SITE,ONE_NON-GENE_SITE
ATTAACGTACCTATTCAACT,,ONE_NON-GENE_SITE,,,,,,ONE_NON-GENE_SITE,ONE_NON-GENE_SITE
ATTATAAGCTGTCGCAGAGG,ATCCATTATAAGCTGTCGCAGAGGGGCTAC,BCL2,63318589,sense,GGCT,C-T,,,
ATTGGTTTATTATAGCCGGT,,ONE_NON-GENE_SITE,,,,,,ONE_NON-GENE_SITE,ONE_NON-GENE_SITE
ATTGTGGCCTTCTTTGAGTT,GAGGATTGTGGCCTTCTTTGAGTTCGGTGG,BCL2,63318209,sense,CGGT,C-T,C_8,Ala149Val,Missense
ATTTCTCCTGGCTGTCTCTG,TTTGATTTCTCCTGGCTGTCTCTGAAGACT,BCL2,63128694,sense,AAGA,C-T,"C_5, C_7_8","Phe212Phe, Ser213Phe","Silent, Missense"
CAAACAGAGGCCGCATGCTG,AAATCAAACAGAGGCCGCATGCTGGGGCCG,BCL2,63128714,antisense,GGGC,C-T,C_5,Leu209Leu,Silent
CAAACTGAGCAGAGTCTTCA,GGGCCAAACTGAGCAGAGTCTTCAGAGACA,BCL2,63128676,antisense,GAGA,C-T,C_5,Ser222Asn,Missense
CAAAGCGTCCCCGCGCGGTG,GTGGCAAAGCGTCCCCGCGCGGTGAAGGGC,BCL2,63318276,antisense,AAGG,C-T,C_6,Arg129His,Missense
CAAAGGCATCCTGCAGTTGG,TCCACAAAGGCATCCTGCAGTTGGGGGAGA,BCL2,63128750,antisense,GGGA,C-T,C_7,Ala197Thr,Missense
CAACCGGGAGATGTCGCCCC,GCGTCAACCGGGAGATGTCGCCCCTGGTGG,BCL2,63318162,sense,TGGT,C-T,"C_4, C_5","Asn163Asn, Arg164Trp","Silent, Missense"
CAACGCACTATCGTGCGCGA,,NO_SITE,,,,,,NO_SITE,NO_SITE
CAACTGCAGGATGCCTTTGT,CCCCCAACTGCAGGATGCCTTTGTGGAACT,BCL2,63128749,sense,GGAA,C-T,"C_4, C_7","(NC), (NC)","Intron, Intron"
CAATCGATCAAGCGCGCGAC,,NO_SITE,,,,,,NO_SITE,NO_SITE
CAATTTGCTTAGGCGACCTG,,ONE_NON-GENE_SITE,,,,,,ONE_NON-GENE_SITE,ONE_NON-GENE_SITE
CACAAAGGCATCCTGCAGTT,GTTCCACAAAGGCATCCTGCAGTTGGGGGA,BCL2,63128748,antisense,GGGG,C-T,,,
CACACCTGAGCATGAGCCCT,,PELP1,,,,,,PELP1,PELP1
CACACCTGGATCCAGGATAA,CCTGCACACCTGGATCCAGGATAACGGAGG,BCL2,63318092,sense,CGGA,C-T,C_5_6,Thr187Ile,Missense
CACAGGGCGATGTTGTCCAC,CATCCACAGGGCGATGTTGTCCACCAGGGG,BCL2,63318140,antisense,CAGG,C-T,C_8,Ala174Thr,Missense
CACATCTCCCGCATCCCACT,CGCCCACATCTCCCGCATCCCACTCGTAGC,BCL2,63318562,antisense,CGTA,C-T,"C_8, C_6","Gly33Glu, Asp34Asn","Missense, Missense"
CACCAGGGCCAAACTGAGCA,CTCCCACCAGGGCCAAACTGAGCAGAGTCT,BCL2,63128667,antisense,GAGT,C-T,C_4,Leu225Leu,Silent
CACCAGGGGCGACATCTCCC,TGTCCACCAGGGGCGACATCTCCCGGTTGA,BCL2,63318157,antisense,GGTT,C-T,C_4,Leu169Leu,Silent
CACCTGACCCTCCGCCAGGC,GGTCCACCTGACCCTCCGCCAGGCCGGCGA,BCL2,63318368,sense,CGGC,C-T,"C_4, C_8","Leu95Leu, Thr96Ile","Silent, Missense"
CACCTGCACACCTGGATCCA,CCGGCACCTGCACACCTGGATCCAGGATAA,BCL2,63318098,sense,GGAT,C-T,"C_4, C_7","Leu185Leu, His186Tyr","Silent, Missense"
CACCTGGATCCAGGATAACG,TGCACACCTGGATCCAGGATAACGGAGGCT,BCL2,63318090,sense,GAGG,C-T,C_4,Thr187Thr,Silent
CACGCTGGGAGAACAGGGTA,GGCGCACGCTGGGAGAACAGGGTACGATAA,BCL2,63318641,sense,CGAT,C-T,C_5,Ala4Val,Missense
CACTACTAGCTCAAGGACCG,,ONE_NON-GENE_SITE,,,,,,ONE_NON-GENE_SITE,ONE_NON-GENE_SITE
CAGAATACTTTGGCCGTTGG,,ONE_NON-GENE_SITE,,,,,,ONE_NON-GENE_SITE,ONE_NON-GENE_SITE
CAGACCCCGGCTGCCCCCGG,GCTGCAGACCCCGGCTGCCCCCGGCGCCGC,BCL2,63318431,sense,CGCC,C-T,"C_5_6, C_7_8","Thr74Ile, Pro75Leu","Missense, Missense"
CAGAGGCCGCATGCTGGGGC,CAAACAGAGGCCGCATGCTGGGGCCGTACA,BCL2,63128718,antisense,CGTA,C-T,C_8_7,Arg207Gln,Missense
CAGAGGGGCTACGAGTGGGA,GTCGCAGAGGGGCTACGAGTGGGATGCGGG,BCL2,63318575,sense,TGCG,C-T,,,
CAGAGTCTTCAGAGACAGCC,TGAGCAGAGTCTTCAGAGACAGCCAGGAGA,BCL2,63128685,antisense,AGGA,C-T,C_7,Lys218Lys,Silent
CAGATAGGCACCCAGGGTGA,GGCCCAGATAGGCACCCAGGGTGATGCAAG,BCL2,63128637,antisense,TGCA,C-T,,,
CAGCAAGAAGGCGCGATCTG,,ONE_NON-GENE_SITE,,,,,,ONE_NON-GENE_SITE,ONE_NON-GENE_SITE
CAGCCAGGAGAAATCAAACA,GAGACAGCCAGGAGAAATCAAACAGAGGCC,BCL2,63128700,antisense,GAGG,C-T,C_5_4,Trp214Ter,Nonsense
CAGCCGGGGTCTGCAGCGGC,GGGGCAGCCGGGGTCTGCAGCGGCGAGGTC,BCL2,63318438,antisense,GAGG,C-T,"C_5, C_4","Pro75Pro, Ala76Thr","Silent, Missense"
CAGCGGCTCGTACGCGAAAG,,NO_SITE,,,,,,NO_SITE,NO_SITE
CAGCGTGCGCCATCCTTCCC,CTCCCAGCGTGCGCCATCCTTCCCAGAGGA,BCL2,63318654,antisense,AGAG,C-T,"C_8, C_4","Ala2Ala, Ala4Thr","Silent, Missense"
CAGCTGGCTGGACATCTCGG,GGTGCAGCTGGCTGGACATCTCGGCGAAGT,BCL2,63318310,antisense,CGAA,C-T,"C_8, C_4","Ser117Asn, Gln118Gln","Missense, Silent"
CAGGATAACGGAGGCTGGGT,GATCCAGGATAACGGAGGCTGGGTAGGTGC,BCL2,63318080,sense,AGGT,C-T,,,
CAGGCAACTTAGCATTATGC,,ONE_NON-GENE_SITE,,,,,,ONE_NON-GENE_SITE,ONE_NON-GENE_SITE
CAGGCATGTTGACTTCACTT,GGGGCAGGCATGTTGACTTCACTTGTGGCC,BCL2,63128611,antisense,GTGG,C-T,C_5,(NC),UTR
CAGGCCCCGCGGCGGCGCCG,AGCGCAGGCCCCGCGGCGGCGCCGGGGGCA,BCL2,63318414,antisense,GGGG,C-T,"C_8, C_7_6_5","Ala82Ala, Gly83Lys","Silent, Missense"
CAGGGACGGGGTGAACTGGG,TCTTCAGGGACGGGGTGAACTGGGGGAGGA,BCL2,63318234,sense,GGAG,C-T,C_7,Asp140Asp,Silent
CAGGGCGATGTTGTCCACCA,TCCACAGGGCGATGTTGTCCACCAGGGGCG,BCL2,63318142,antisense,GGGG,C-T,C_6,Ala174Thr,Missense
CAGGGGCGACATCTCCCGGT,CCACCAGGGGCGACATCTCCCGGTTGACGC,BCL2,63318160,antisense,TGAC,C-T,C_7,Ser167Ser,Silent
CAGGGTACGATAACCGGGAG,AGAACAGGGTACGATAACCGGGAGATAGTG,BCL2,63318628,sense,ATAG,C-T,C_8,Tyr9Tyr,Silent
CAGGTACTCAGTCATCCACA,GGTTCAGGTACTCAGTCATCCACAGGGCGA,BCL2,63318124,antisense,GGGC,C-T,C_7,Glu179Glu,Silent
CAGGTCGTACGGCGGATAAC,,NO_SITE,,,,,,NO_SITE,NO_SITE
CAGGTGCCGGTTCAGGTACT,TGTGCAGGTGCCGGTTCAGGTACTCAGTCA,BCL2,63318112,antisense,CAGT,C-T,C_8_7,Arg183Gln,Missense
CAGGTGTGCAGGTGCCGGTT,GATCCAGGTGTGCAGGTGCCGGTTCAGGTA,BCL2,63318104,antisense,CAGG,C-T,,,
CAGTTCACCCCGTCCCTGAA,CCCCCAGTTCACCCCGTCCCTGAAGAGCTC,BCL2,63318236,antisense,GAGC,C-T,C_8_6,Val142Ile,Missense
CAGTTGGGGGAGAGGAGGGA,CCTGCAGTTGGGGGAGAGGAGGGAAGAAAA,BCL2,63128763,antisense,AGAA,C-T,,,
CATACCTATGACATTTACAA,,SF3B1,,,,,,SF3B1,SF3B1
CATCACCCTGGGTGCCTATC,CTTGCATCACCCTGGGTGCCTATCTGGGCC,BCL2,63128639,sense,TGGG,C-T,"C_4, C_6_7, C_8","Ile230Ile, Thr231Ile, Leu232Leu","Silent, Missense, Silent"
CATCACTATCTCCCGGTTAT,ACTTCATCACTATCTCCCGGTTATCGTACC,BCL2,63318619,antisense,CGTA,C-T,C_6_4,Val15Ile,Missense
CATCCATTATAAGCTGTCGC,AGTACATCCATTATAAGCTGTCGCAGAGGG,BCL2,63318594,sense,AGAG,C-T,"C_4, C_5","Ile19Ile, His20Tyr","Silent, Missense"
CATCCCACTCGTAGCCCCTC,CCCGCATCCCACTCGTAGCCCCTCTGCGAC,BCL2,63318573,antisense,TGCG,C-T,"C_8, C_6_5, C_4","Glu29Glu, Trp30Ter, Asp31Asn","Silent, Nonsense, Missense"
CATCCCGGGACCCGGTCGCC,GCCGCATCCCGGGACCCGGTCGCCAGGACC,BCL2,63318466,sense,AGGA,C-T,"C_4_5, C_6","Ser62Phe, Arg63Trp","Missense, Missense"
CATCCTGCAGTTGGGGGAGA,AAGGCATCCTGCAGTTGGGGGAGAGGAGGG,BCL2,63128756,antisense,GGAG,C-T,"C_8, C_5, C_4","(NC), (NC), Asp196Asn","Intron, Splice-acceptor, Missense"
CATCGCCCTGTGGATGACTG,ACAACATCGCCCTGTGGATGACTGAGTACC,BCL2,63318132,sense,AGTA,C-T,"C_4, C_6_7, C_8","Ile173Ile, Ala174Val, Leu175Leu","Silent, Missense, Silent"
CATCGCCGTTAACGGTCGTT,,NO_SITE,,,,,,NO_SITE,NO_SITE
CATCTCGGCGAAGTCGCGGC,TGGACATCTCGGCGAAGTCGCGGCGGTAGC,BCL2,63318322,antisense,GGTA,C-T,C_6_4,Glu114Lys,Missense
CATCTTCTCCTCCCAGCCCG,CGGGCATCTTCTCCTCCCAGCCCGGGCACA,BCL2,63318507,sense,GGCA,C-T,"C_4, C_7","Ile48Ile, Phe49Phe","Silent, Silent"
CATGACCCCACCGAACTCAA,CACACATGACCCCACCGAACTCAAAGAAGG,BCL2,63318196,antisense,AGAA,C-T,"C_8_7, C_6","Gly155Glu, Val156Ile","Missense, Missense"
CATGTATACCCAAGTCAAGC,,ONE_NON-GENE_SITE,,,,,,ONE_NON-GENE_SITE,ONE_NON-GENE_SITE
CATTATAAGCTGTCGCAGAG,CATCCATTATAAGCTGTCGCAGAGGGGCTA,BCL2,63318590,sense,GGGC,C-T,,,
CCAAACTGAGCAGAGTCTTC,AGGGCCAAACTGAGCAGAGTCTTCAGAGAC,BCL2,63128675,antisense,AGAG,C-T,C_6,Ser222Asn,Missense
CCAACTGCAGGATGCCTTTG,TCCCCCAACTGCAGGATGCCTTTGTGGAAC,BCL2,63128750,sense,TGGA,C-T,"C_5, C_8","(NC), (NC)","Intron, Intron"
CCACAAAGGCATCCTGCAGT,AGTTCCACAAAGGCATCCTGCAGTTGGGGG,BCL2,63128747,antisense,TGGG,C-T,C_4,Val199Met,Missense
CCACAGGTGGCACCGGGCTG,TGGACCACAGGTGGCACCGGGCTGAGCGCA,BCL2,63318390,antisense,AGCG,C-T,C_4,Val92Met,Missense
CCACCAGGGCCAAACTGAGC,GCTCCCACCAGGGCCAAACTGAGCAGAGTC,BCL2,63128666,antisense,AGAG,C-T,"C_5, C_4","Leu225Leu, Val226Met","Silent, Missense"
CCACCAGGGGCGACATCTCC,TTGTCCACCAGGGGCGACATCTCCCGGTTG,BCL2,63318156,antisense,CGGT,C-T,"C_5, C_4","Leu169Leu, Val170Met","Silent, Missense"
CCACCGTGGCAAAGCGTCCC,TCCACCACCGTGGCAAAGCGTCCCCGCGCG,BCL2,63318267,antisense,CGCG,C-T,"C_5, C_4","Thr132Thr, Val133Met","Silent, Missense"
CCAGCATGCGGCCTCTGTTT,GGCCCCAGCATGCGGCCTCTGTTTGATTTC,BCL2,63128715,sense,GATT,C-T,C_5,Ser205Ser,Silent
CCAGCCGCATCCCGGGACCC,CCATCCAGCCGCATCCCGGGACCCGGTCGC,BCL2,63318473,sense,GGTC,C-T,"C_5_6, C_8","Ala60Val, Ala61Val","Missense, Missense"
CCAGCGTGCGCCATCCTTCC,TCTCCCAGCGTGCGCCATCCTTCCCAGAGG,BCL2,63318653,antisense,CAGA,C-T,C_5,Ala4Thr,Missense
CCAGGGACAGGACTTACGGT,,ONE_NON-GENE_SITE,,,,,,ONE_NON-GENE_SITE,ONE_NON-GENE_SITE
CCAGTTCACCCCGTCCCTGA,TCCCCCAGTTCACCCCGTCCCTGAAGAGCT,BCL2,63318235,antisense,AGAG,C-T,C_7,Val142Val,Silent
CCATTATAAGCTGTCGCAGA,ACATCCATTATAAGCTGTCGCAGAGGGGCT,BCL2,63318591,sense,GGGG,C-T,,,
CCCAACCGGTCAATCGTACG,,NO_SITE,,,,,,NO_SITE,NO_SITE
CCCAACTGCAGGATGCCTTT,CTCCCCCAACTGCAGGATGCCTTTGTGGAA,BCL2,63128751,sense,GTGG,C-T,C_6,(NC),Intron
CCCACCAGGGCCAAACTGAG,AGCTCCCACCAGGGCCAAACTGAGCAGAGT,BCL2,63128665,antisense,CAGA,C-T,"C_6, C_5","Leu225Leu, Val226Met","Silent, Missense"
CCCACTCGTAGCCCCTCTGC,GCATCCCACTCGTAGCCCCTCTGCGACAGC,BCL2,63318576,antisense,GACA,C-T,C_7_5,Glu29Lys,Missense
CCCAGATAGGCACCCAGGGT,GTGGCCCAGATAGGCACCCAGGGTGATGCA,BCL2,63128635,antisense,GATG,C-T,,,
CCCAGCATGCGGCCTCTGTT,CGGCCCCAGCATGCGGCCTCTGTTTGATTT,BCL2,63128716,sense,TGAT,C-T,C_6,Ser205Ser,Silent
CCCAGTTCACCCCGTCCCTG,CTCCCCCAGTTCACCCCGTCCCTGAAGAGC,BCL2,63318234,antisense,AAGA,C-T,C_8,Val142Val,Silent
CCCCAACTGCAGGATGCCTT,TCTCCCCCAACTGCAGGATGCCTTTGTGGA,BCL2,63128752,sense,TGTG,C-T,"C_4, C_7","(NC), (NC)","Intron, Intron"
CCCCAGTTCACCCCGTCCCT,CCTCCCCCAGTTCACCCCGTCCCTGAAGAG,BCL2,63318233,antisense,GAAG,C-T,C_4,Trp144Ter,Nonsense
CCCCATCCAGCCGCATCCCG,CACGCCCCATCCAGCCGCATCCCGGGACCC,BCL2,63318479,sense,GGAC,C-T,"C_4, C_7_8","His58Tyr, Pro59Leu","Missense, Missense"
CCCCCAGTTCACCCCGTCCC,TCCTCCCCCAGTTCACCCCGTCCCTGAAGA,BCL2,63318232,antisense,TGAA,C-T,C_5_4,Trp144Ter,Nonsense
CCCCGCGCGGTGAAGGGCGT,GCGTCCCCGCGCGGTGAAGGGCGTCAGGTG,BCL2,63318284,antisense,CAGG,C-T,"C_8_6, C_4","Ala126Thr, Arg127Gln","Missense, Missense"
CCCCGTCGCGGTATGATCGG,,NO_SITE,,,,,,NO_SITE,NO_SITE
CCCGATGCGTACGTCGCGCT,,NO_SITE,,,,,,NO_SITE,NO_SITE
CCCGCGCGGTGAAGGGCGTC,CGTCCCCGCGCGGTGAAGGGCGTCAGGTGC,BCL2,63318285,antisense,AGGT,C-T,C_7_5,Ala126Thr,Missense
CCCGCGGCGGCGCCGGGGGC,AGGCCCCGCGGCGGCGCCGGGGGCAGCCGG,BCL2,63318419,antisense,AGCC,C-T,"C_8, C_5","Ala81Thr, Ala82Thr","Missense, Missense"
CCCGGCGCCGCCGCGGGGCC,TGCCCCCGGCGCCGCCGCGGGGCCTGCGCT,BCL2,63318416,sense,TGCG,C-T,"C_6, C_8","Gly79Gly, Ala80Val","Silent, Missense"
CCCGGGATGCGGCTGGATGG,GGGTCCCGGGATGCGGCTGGATGGGGCGTG,BCL2,63318477,antisense,GGCG,C-T,,,
CCCGGGCACACGCCCCATCC,CCAGCCCGGGCACACGCCCCATCCAGCCGC,BCL2,63318491,sense,AGCC,C-T,C_7,His55Tyr,Missense
CCCGGGCTGGGAGGAGAAGA,TGTGCCCGGGCTGGGAGGAGAAGATGCCCG,BCL2,63318505,antisense,TGCC,C-T,C_7,Gln52Gln,Silent
CCCGGGGGCCGCCCCCGCAC,CGCCCCCGGGGGCCGCCCCCGCACCGGGCA,BCL2,63318531,sense,CGGG,C-T,,,
CCCGGTCGCCAGGACCTCGC,GGGACCCGGTCGCCAGGACCTCGCCGCTGC,BCL2,63318456,sense,CGCT,C-T,C_7,Val66Val,Silent
CCCGGTGCGGGGGCGGCCCC,GATGCCCGGTGCGGGGGCGGCCCCCGGGGG,BCL2,63318527,antisense,CGGG,C-T,C_8,Ala45Thr,Missense
CCCTCCGCCAGGCCGGCGAC,CTGACCCTCCGCCAGGCCGGCGACGACTTC,BCL2,63318361,sense,GACT,C-T,"C_5, C_6_8","Leu97Leu, Arg98Cys","Silent, Missense"
CCCTCCTCTCCCCCAACTGC,TCTTCCCTCCTCTCCCCCAACTGCAGGATG,BCL2,63128762,sense,AGGA,C-T,"C_5, C_6, C_8","(NC), (NC), (NC)","Intron, Intron, Intron"
CCCTCGCGGTCGATCGACCT,,NO_SITE,,,,,,NO_SITE,NO_SITE
CCCTCTGCGACAGCTTATAA,TAGCCCCTCTGCGACAGCTTATAATGGATG,BCL2,63318588,antisense,TGGA,C-T,"C_8, C_5","Ser24Ser, Gln25Gln","Silent, Silent"
CCCTGCCCGTACGTCGCGAT,,NO_SITE,,,,,,NO_SITE,NO_SITE
CCCTGCGTCGACCGTAACGC,,NO_SITE,,,,,,NO_SITE,NO_SITE
CCCTTTACCTGTTGGAGCTG,,PELP1,,,,,,PELP1,PELP1
CCGAACTCAAAGAAGGCCAC,CCCACCGAACTCAAAGAAGGCCACAATCCT,BCL2,63318206,antisense,AATC,C-T,C_8_6,Glu152Lys,Missense
CCGCCGCGACTTCGCCGAGA,GCTACCGCCGCGACTTCGCCGAGATGTCCA,BCL2,63318324,sense,TGTC,C-T,"C_4, C_5_7","Arg109Arg, Arg110Cys","Silent, Missense"
CCGCCGCGGGGCCTGCGCTC,GGCGCCGCCGCGGGGCCTGCGCTCAGCCCG,BCL2,63318409,sense,AGCC,C-T,"C_4_5, C_7","Ala81Val, Ala82Val","Missense, Missense"
CCGCGCGGTGAAGGGCGTCA,GTCCCCGCGCGGTGAAGGGCGTCAGGTGCA,BCL2,63318286,antisense,GGTG,C-T,C_6_4,Ala126Thr,Missense
CCGCTTACCTTCGTGAGTCT,,SF3B1,,,,,,SF3B1,SF3B1
CCGGCCTGGCGGAGGGTCAG,GTCGCCGGCCTGGCGGAGGGTCAGGTGGAC,BCL2,63318365,antisense,GTGG,C-T,"C_6, C_5","Gln99Gln, Ala100Thr","Silent, Missense"
CCGGCGACGACTTCTCCCGC,CAGGCCGGCGACGACTTCTCCCGCCGCTAC,BCL2,63318349,sense,CGCT,C-T,"C_5, C_8","Gly101Gly, Asp102Asp","Silent, Silent"
CCGGCTGCCCCCGGCGCCGC,GACCCCGGCTGCCCCCGGCGCCGCCGCGGG,BCL2,63318425,sense,CGCG,C-T,"C_5, C_8","Ala76Val, Ala77Val","Missense, Missense"
CCGGGAGATGTCGCCCCTGG,TCAACCGGGAGATGTCGCCCCTGGTGGACA,BCL2,63318159,sense,TGGA,C-T,,,
CCGGGGGCCGCCCCCGCACC,GCCCCCGGGGGCCGCCCCCGCACCGGGCAT,BCL2,63318530,sense,GGGC,C-T,C_8,Ala42Val,Missense
CCGGGTCCCGGGATGCGGCT,GCGACCGGGTCCCGGGATGCGGCTGGATGG,BCL2,63318471,antisense,GGAT,C-T,"C_8, C_7","Arg63Arg, Asp64Asn","Silent, Missense"
CCGGTGCGGGGGCGGCCCCC,ATGCCCGGTGCGGGGGCGGCCCCCGGGGGC,BCL2,63318528,antisense,GGGG,C-T,C_7,Ala45Thr,Missense
CCGTACCATGATGTTGCCCA,,EEF2,,,,,,EEF2,EEF2
CCGTACCTGTGATTGTTCCA,,SNRPD1,,,,,,SNRPD1,SNRPD1
CCTATCTGGGCCACAAGTGA,GGTGCCTATCTGGGCCACAAGTGAAGTCAA,BCL2,63128625,sense,AGTC,C-T,C_6,Leu236Leu,Silent
CCTCACCTTGATGGGGATGC,,EEF2,,,,,,EEF2,EEF2
CCTCCACCACCGTGGCAAAG,AGCTCCTCCACCACCGTGGCAAAGCGTCCC,BCL2,63318261,antisense,CGTC,C-T,"C_8, C_7_5, C_4","Val133Val, Val134Ile, Glu135Lys","Silent, Missense, Missense"
CCTCCGTTATCCTGGATCCA,CCAGCCTCCGTTATCCTGGATCCAGGTGTG,BCL2,63318086,antisense,GGTG,C-T,C_5_4,Gly193Lys,Missense
CCTCCTCTCCCCCAACTGCA,CTTCCCTCCTCTCCCCCAACTGCAGGATGC,BCL2,63128761,sense,GGAT,C-T,"C_4, C_5, C_7","(NC), (NC), (NC)","Intron, Intron, Intron"
CCTCTCCCCCAACTGCAGGA,CCCTCCTCTCCCCCAACTGCAGGATGCCTT,BCL2,63128758,sense,TGCC,C-T,"C_4, C_6, C_7, C_8","(NC), (NC), (NC), (NC)","Intron, Intron, Intron, Intron"
CCTCTGCGACAGCTTATAAT,AGCCCCTCTGCGACAGCTTATAATGGATGT,BCL2,63318589,antisense,GGAT,C-T,"C_7, C_4","Ser24Ser, Gln25Gln","Silent, Silent"
CCTCTGGGAAGGATGGCGCA,TTTTCCTCTGGGAAGGATGGCGCACGCTGG,BCL2,63318659,sense,CGCT,C-T,C_4,(NC),UTR
CCTGACGCCCTTCACCGCGC,TGCACCTGACGCCCTTCACCGCGCGGGGAC,BCL2,63318288,sense,GGGG,C-T,"C_6, C_8","Thr122Met, Pro123Ser","Missense, Missense"
CCTGCAGTTGGGGGAGAGGA,GCATCCTGCAGTTGGGGGAGAGGAGGGAAG,BCL2,63128759,antisense,GGGA,C-T,C_5,(NC),Intron
CCTGGATCCAGGATAACGGA,CACACCTGGATCCAGGATAACGGAGGCTGG,BCL2,63318088,sense,GGCT,C-T,C_8,Ile189Ile,Silent
CCTGGATCCAGGTGTGCAGG,TTATCCTGGATCCAGGTGTGCAGGTGCCGG,BCL2,63318096,antisense,TGCC,C-T,C_8,Trp188Ter,Nonsense
CCTGGTGGACAACATCGCCC,CGCCCCTGGTGGACAACATCGCCCTGTGGA,BCL2,63318144,sense,TGTG,C-T,,,
CCTGTCGCAAGGACCGACAT,,NO_SITE,,,,,,NO_SITE,NO_SITE
CCTGTGGATGACTGAGTACC,TCGCCCTGTGGATGACTGAGTACCTGAACC,BCL2,63318126,sense,TGAA,C-T,,,
CCTTCCCAGAGGAAAAGCAA,CCATCCTTCCCAGAGGAAAAGCAACGGGGG,BCL2,63318667,antisense,CGGG,C-T,"C_7, C_6, C_5","(NC), (NC), (NC)","UTR, UTR, UTR"
CCTTCTTTGAGTTCGGTGGG,GTGGCCTTCTTTGAGTTCGGTGGGGTCATG,BCL2,63318202,sense,GTCA,C-T,C_5,Phe150Phe,Silent
CCTTTACCTGTTGGAGCTGA,,PELP1,,,,,,PELP1,PELP1
CCTTTCAAGTCGTACCAGAT,,ONE_NON-GENE_SITE,,,,,,ONE_NON-GENE_SITE,ONE_NON-GENE_SITE
CGAAGTCGCGGCGGTAGCGG,TCGGCGAAGTCGCGGCGGTAGCGGCGGGAG,BCL2,63318330,antisense,CGGG,C-T,C_7,Asp111Asn,Missense
CGAATAATTCGCGCCGTACG,,NO_SITE,,,,,,NO_SITE,NO_SITE
CGAGTGGGATGCGGGAGATG,GCTACGAGTGGGATGCGGGAGATGTGGGCG,BCL2,63318564,sense,TGGG,C-T,,,
CGATAACCGGGAGATAGTGA,GGTACGATAACCGGGAGATAGTGATGAAGT,BCL2,63318621,sense,TGAA,C-T,"C_7, C_8","Asn11Asn, Arg12Trp","Silent, Missense"
CGATGTTGTCCACCAGGGGC,AGGGCGATGTTGTCCACCAGGGGCGACATC,BCL2,63318147,antisense,GACA,C-T,,,
CGCAGAGGGGCTACGAGTGG,CTGTCGCAGAGGGGCTACGAGTGGGATGCG,BCL2,63318577,sense,GATG,C-T,,,
CGCAGGCCCCGCGGCGGCGC,TGAGCGCAGGCCCCGCGGCGGCGCCGGGGG,BCL2,63318412,antisense,CGGG,C-T,C_8_7,Gly83Glu,Missense
CGCCAGGACCTCGCCGCTGC,CGGTCGCCAGGACCTCGCCGCTGCAGACCC,BCL2,63318450,sense,AGAC,C-T,C_4,Ala67Ala,Silent
CGCCCCATCCAGCCGCATCC,CACACGCCCCATCCAGCCGCATCCCGGGAC,BCL2,63318481,sense,CGGG,C-T,"C_4_5, C_6","Pro57Leu, His58Tyr","Missense, Missense"
CGCCCTTCACCGCGCGGGGA,CTGACGCCCTTCACCGCGCGGGGACGCTTT,BCL2,63318283,sense,CGCT,C-T,"C_4_5, C_8","Pro123Leu, Phe124Phe","Missense, Silent"
CGCCGAGATGTCCAGCCAGC,ACTTCGCCGAGATGTCCAGCCAGCTGCACC,BCL2,63318312,sense,TGCA,C-T,C_4,Ala113Ala,Silent
CGCCGCTACCGCCGCGACTT,CTCCCGCCGCTACCGCCGCGACTTCGCCGA,BCL2,63318332,sense,CGCC,C-T,C_4_6,Arg107Cys,Missense
CGCCGGCCTGGCGGAGGGTC,TCGTCGCCGGCCTGGCGGAGGGTCAGGTGG,BCL2,63318363,antisense,AGGT,C-T,"C_8, C_7, C_4","Gln99Gln, Ala100Thr, Gly101Ser","Silent, Missense, Missense"
CGCCGGGGGCAGCCGGGGTC,GCGGCGCCGGGGGCAGCCGGGGTCTGCAGC,BCL2,63318429,antisense,TGCA,C-T,C_4,Gly79Ser,Missense
CGCGCGGGGACGCTTTGCCA,TCACCGCGCGGGGACGCTTTGCCACGGTGG,BCL2,63318273,sense,CGGT,C-T,C_5,Arg127Trp,Missense
CGCGGCGGTAGCGGCGGGAG,AAGTCGCGGCGGTAGCGGCGGGAGAAGTCG,BCL2,63318336,antisense,AAGT,C-T,C_6,Arg109His,Missense
CGCGGGGACGCTTTGCCACG,ACCGCGCGGGGACGCTTTGCCACGGTGGTG,BCL2,63318271,sense,GTGG,C-T,,,
CGCGGGGCCTGCGCTCAGCC,CCGCCGCGGGGCCTGCGCTCAGCCCGGTGC,BCL2,63318405,sense,CGGT,C-T,C_8,Pro84Ser,Missense
CGCTACCGCCGCGACTTCGC,CCGCCGCTACCGCCGCGACTTCGCCGAGAT,BCL2,63318329,sense,CGAG,C-T,"C_6, C_7","Tyr108Tyr, Arg109Cys","Silent, Missense"
CGCTCAGCCCGGTGCCACCT,CCTGCGCTCAGCCCGGTGCCACCTGTGGTC,BCL2,63318394,sense,GTGG,C-T,"C_5, C_8","Leu86Leu, Ser87Ser","Silent, Silent"
CGCTCGCACTACACGTCGAA,,NO_SITE,,,,,,NO_SITE,NO_SITE
CGCTTTGCCACGGTGGTGGA,GGGACGCTTTGCCACGGTGGTGGAGGAGCT,BCL2,63318263,sense,GGAG,C-T,C_8,Ala131Val,Missense
CGGACGACGGGTCGTTACGA,,NO_SITE,,,,,,NO_SITE,NO_SITE
CGGAGGGTCAGGTGGACCAC,CTGGCGGAGGGTCAGGTGGACCACAGGTGG,BCL2,63318374,antisense,AGGT,C-T,,,
CGGCCCCAGCATGCGGCCTC,TGTACGGCCCCAGCATGCGGCCTCTGTTTG,BCL2,63128720,sense,TGTT,C-T,"C_4, C_5_6_7","Gly203Gly, Pro204Phe","Silent, Missense"
CGGCCTGGCGGAGGGTCAGG,TCGCCGGCCTGGCGGAGGGTCAGGTGGACC,BCL2,63318366,antisense,TGGA,C-T,"C_5, C_4","Gln99Gln, Ala100Thr","Silent, Missense"
CGGCGAAGTCGCGGCGGTAG,ATCTCGGCGAAGTCGCGGCGGTAGCGGCGG,BCL2,63318327,antisense,CGGC,C-T,C_4,Ala113Thr,Missense
CGGCGAGGTCCTGGCGACCG,GCAGCGGCGAGGTCCTGGCGACCGGGTCCC,BCL2,63318454,antisense,GGTC,C-T,C_4,Ser70Ser,Silent
CGGCGCCGCCGCGGGGCCTG,CCCCCGGCGCCGCCGCGGGGCCTGCGCTCA,BCL2,63318414,sense,CGCT,C-T,"C_4, C_6_7","Gly79Gly, Ala80Val","Silent, Missense"
CGGCGGCGCCGGGGGCAGCC,CCCGCGGCGGCGCCGGGGGCAGCCGGGGTC,BCL2,63318423,antisense,GGGG,C-T,"C_7, C_4","Ala80Thr, Ala81Thr","Missense, Missense"
CGGCGGGAGAAGTCGTCGCC,GTAGCGGCGGGAGAAGTCGTCGCCGGCCTG,BCL2,63318347,antisense,GGCC,C-T,C_4,Arg106His,Missense
CGGGAGATGTCGCCCCTGGT,CAACCGGGAGATGTCGCCCCTGGTGGACAA,BCL2,63318158,sense,GGAC,C-T,,,
CGGGATGCGGCTGGATGGGG,GTCCCGGGATGCGGCTGGATGGGGCGTGTG,BCL2,63318479,antisense,CGTG,C-T,C_8,Ala61Thr,Missense
CGGGCTGAGCGCAGGCCCCG,GCACCGGGCTGAGCGCAGGCCCCGCGGCGG,BCL2,63318403,antisense,CGGC,C-T,C_5,Ser87Asn,Missense
CGGGGACGCTTTGCCACGGT,CGCGCGGGGACGCTTTGCCACGGTGGTGGA,BCL2,63318269,sense,GGTG,C-T,C_7,Arg129Cys,Missense
CGGGGGCAGCCGGGGTCTGC,GCGCCGGGGGCAGCCGGGGTCTGCAGCGGC,BCL2,63318432,antisense,AGCG,C-T,C_7,Ala77Thr,Missense
CGGGGGCCGCCCCCGCACCG,CCCCCGGGGGCCGCCCCCGCACCGGGCATC,BCL2,63318529,sense,GGCA,C-T,C_7_8,Ala42Val,Missense
CGGGTCCCGGGATGCGGCTG,CGACCGGGTCCCGGGATGCGGCTGGATGGG,BCL2,63318472,antisense,GATG,C-T,"C_8_7, C_6","Arg63Gln, Asp64Asn","Missense, Missense"
CGGTGAAGGGCGTCAGGTGC,CGCGCGGTGAAGGGCGTCAGGTGCAGCTGG,BCL2,63318291,antisense,AGCT,C-T,,,
CGGTGCGGGGGCGGCCCCCG,TGCCCGGTGCGGGGGCGGCCCCCGGGGGCG,BCL2,63318529,antisense,GGGG,C-T,C_6,Ala45Thr,Missense
CGGTGGGGTCATGTGTGTGG,AGTTCGGTGGGGTCATGTGTGTGGAGAGCG,BCL2,63318189,sense,AGAG,C-T,,,
CGGTGGTGGAGGAGCTCTTC,GCCACGGTGGTGGAGGAGCTCTTCAGGGAC,BCL2,63318253,sense,AGGG,C-T,,,
CGGTTGACGCTCTCCACACA,CTCCCGGTTGACGCTCTCCACACACATGAC,BCL2,63318176,antisense,CATG,C-T,C_8,Val162Ile,Missense
CGTACCATGATGTTGCCCAT,,EEF2,,,,,,EEF2,EEF2
CGTACCCTGTTCTCCCAGCG,TTATCGTACCCTGTTCTCCCAGCGTGCGCC,BCL2,63318639,antisense,TGCG,C-T,C_7_6_5,Gly8Lys,Missense
CGTCCCCGCGCGGTGAAGGG,AAAGCGTCCCCGCGCGGTGAAGGGCGTCAG,BCL2,63318281,antisense,CGTC,C-T,"C_7_6, C_5_4","Arg127Gln, Gly128Lys","Missense, Missense"
CGTCGCCGGCCTGGCGGAGG,AAGTCGTCGCCGGCCTGGCGGAGGGTCAGG,BCL2,63318360,antisense,GTCA,C-T,"C_7_6, C_4","Gly101Asn, Asp102Asn","Missense, Missense"
CGTGCGCCATCCTTCCCAGA,CCAGCGTGCGCCATCCTTCCCAGAGGAAAA,BCL2,63318657,antisense,GGAA,C-T,"C_8, C_7_5","Met1Ile, Ala2Thr","Missense, Missense"
CGTGGCAAAGCGTCCCCGCG,CCACCGTGGCAAAGCGTCCCCGCGCGGTGA,BCL2,63318271,antisense,CGGT,C-T,C_6,Ala131Thr,Missense
CGTGGCTAATCTGTTAACTA,,ONE_NON-GENE_SITE,,,,,,ONE_NON-GENE_SITE,ONE_NON-GENE_SITE
CGTGTGCCCGGGCTGGGAGG,GGGGCGTGTGCCCGGGCTGGGAGGAGAAGA,BCL2,63318499,antisense,AGAA,C-T,C_8_7,Gly54Glu,Missense
CGTTATCCTGGATCCAGGTG,CCTCCGTTATCCTGGATCCAGGTGTGCAGG,BCL2,63318090,antisense,TGCA,C-T,"C_8, C_7","Gln190Gln, Asp191Asn","Silent, Missense"
CTACCCAGCCTCCGTTATCC,GCACCTACCCAGCCTCCGTTATCCTGGATC,BCL2,63318078,antisense,TGGA,C-T,"C_6_5, C_4","Trp195Ter, (NC)","Nonsense, Splice-donor"
CTACCGCCGCGACTTCGCCG,GCCGCTACCGCCGCGACTTCGCCGAGATGT,BCL2,63318327,sense,AGAT,C-T,"C_4, C_5_7, C_8","Tyr108Tyr, Arg109Cys, Arg110Cys","Silent, Missense, Missense"
CTACGAGTGGGATGCGGGAG,GGGGCTACGAGTGGGATGCGGGAGATGTGG,BCL2,63318567,sense,ATGT,C-T,C_4,Tyr28Tyr,Silent
CTAGATAAGCATCGCGCGTA,,NO_SITE,,,,,,NO_SITE,NO_SITE
CTAGGTAACTCTATAAGACC,,ONE_NON-GENE_SITE,,,,,,ONE_NON-GENE_SITE,ONE_NON-GENE_SITE
CTATCTGGGCCACAAGTGAA,GTGCCTATCTGGGCCACAAGTGAAGTCAAC,BCL2,63128624,sense,GTCA,C-T,C_5,Leu236Leu,Silent
CTCACCAAAGGACTCGTTGA,,EEF2,,,,,,EEF2,EEF2
CTCACCATGGCTGTTGCGCG,,RPS20,,,,,,RPS20,RPS20
CTCACCATGGTGGCGGATGG,,EEF2,,,,,,EEF2,EEF2
CTCACCTCTGGATTGGCTTC,,EEF2,,,,,,EEF2,EEF2
CTCACCTTAAGGGCATCAGC,,PELP1,,,,,,PELP1,PELP1
CTCACGTGGAGCCGACCGAC,,ONE_NON-GENE_SITE,,,,,,ONE_NON-GENE_SITE,ONE_NON-GENE_SITE
CTCAGCCCGGTGCCACCTGT,TGCGCTCAGCCCGGTGCCACCTGTGGTCCA,BCL2,63318392,sense,GGTC,C-T,"C_6, C_7_8","Ser87Ser, Pro88Leu","Silent, Missense"
CTCAGTCATCCACAGGGCGA,GGTACTCAGTCATCCACAGGGCGATGTTGT,BCL2,63318130,antisense,TGTT,C-T,C_7,Met177Ile,Missense
CTCAGTTTGGCCCTGGTGGG,TCTGCTCAGTTTGGCCCTGGTGGGAGCTTG,BCL2,63128665,sense,AGCT,C-T,,,
CTCCACACACATGACCCCAC,CGCTCTCCACACACATGACCCCACCGAACT,BCL2,63318187,antisense,CGAA,C-T,"C_8, C_6_4","Cys158Tyr, Val159Ile","Missense, Missense"
CTCCCACCAGGGCCAAACTG,CAAGCTCCCACCAGGGCCAAACTGAGCAGA,BCL2,63128663,antisense,AGCA,C-T,"C_8, C_7_5, C_4","Leu225Leu, Val226Ile, Gly227Arg","Silent, Missense, Missense"
CTCCTCCACCACCGTGGCAA,AGAGCTCCTCCACCACCGTGGCAAAGCGTC,BCL2,63318259,antisense,AGCG,C-T,"C_7, C_6_4","Val134Val, Glu135Lys","Silent, Missense"
CTCCTCCCAGCCCGGGCACA,TCTTCTCCTCCCAGCCCGGGCACACGCCCC,BCL2,63318501,sense,CGCC,C-T,"C_4, C_6_7, C_8","Ser50Ser, Ser51Phe, Gln52Ter","Silent, Missense, Nonsense"
CTCCTCTCCCCCAACTGCAG,TTCCCTCCTCTCCCCCAACTGCAGGATGCC,BCL2,63128760,sense,GATG,C-T,"C_4, C_6, C_8","(NC), (NC), (NC)","Intron, Intron, Intron"
CTCGGCGAAGTCGCGGCGGT,ACATCTCGGCGAAGTCGCGGCGGTAGCGGC,BCL2,63318325,antisense,AGCG,C-T,C_6,Ala113Thr,Missense
CTCGTACGACCGGACGTCTA,,NO_SITE,,,,,,NO_SITE,NO_SITE
CTCTCGCAAGCGCGCCAATA,,NO_SITE,,,,,,NO_SITE,NO_SITE
CTCTGCACTTTGGTCGCTGG,,ONE_NON-GENE_SITE,,,,,,ONE_NON-GENE_SITE,ONE_NON-GENE_SITE
CTCTGCGACAGCTTATAATG,GCCCCTCTGCGACAGCTTATAATGGATGTA,BCL2,63318590,antisense,GATG,C-T,C_6,Ser24Ser,Silent
CTCTGCTCAGTTTGGCCCTG,AAGACTCTGCTCAGTTTGGCCCTGGTGGGA,BCL2,63128670,sense,GTGG,C-T,C_6_8,Leu221Phe,Missense
CTGAAGACTCTGCTCAGTTT,GTCTCTGAAGACTCTGCTCAGTTTGGCCCT,BCL2,63128677,sense,GGCC,C-T,C_8,Thr219Ile,Missense
CTGAAGAGCTCCTCCACCAC,GTCCCTGAAGAGCTCCTCCACCACCGTGGC,BCL2,63318251,antisense,CGTG,C-T,,,
CTGACCCTCCGCCAGGCCGG,CCACCTGACCCTCCGCCAGGCCGGCGACGA,BCL2,63318365,sense,CGAC,C-T,"C_5_6, C_7","Thr96Ile, Leu97Phe","Missense, Missense"
CTGACGCCCTTCACCGCGCG,GCACCTGACGCCCTTCACCGCGCGGGGACG,BCL2,63318287,sense,GGGA,C-T,"C_5, C_7_8","Thr122Met, Pro123Phe","Missense, Missense"
CTGAGCGCAGGCCCCGCGGC,CGGGCTGAGCGCAGGCCCCGCGGCGGCGCC,BCL2,63318407,antisense,GGCG,C-T,C_8_6,Ala85Thr,Missense
CTGCACCTGACGCCCTTCAC,CCAGCTGCACCTGACGCCCTTCACCGCGCG,BCL2,63318293,sense,CGCG,C-T,"C_4_6, C_7","His120Tyr, Leu121Leu","Missense, Silent"
CTGCAGACCCCGGCTGCCCC,GCCGCTGCAGACCCCGGCTGCCCCCGGCGC,BCL2,63318434,sense,CGGC,C-T,"C_4, C_8","Gln73Ter, Thr74Ile","Nonsense, Missense"
CTGCAGCGGCGAGGTCCTGG,GGGTCTGCAGCGGCGAGGTCCTGGCGACCG,BCL2,63318448,antisense,CGAC,C-T,"C_7, C_4","Pro71Pro, Leu72Leu","Silent, Silent"
CTGCAGTTGGGGGAGAGGAG,CATCCTGCAGTTGGGGGAGAGGAGGGAAGA,BCL2,63128760,antisense,GGAA,C-T,C_4,(NC),Intron
CTGCCCCCGGCGCCGCCGCG,CCGGCTGCCCCCGGCGCCGCCGCGGGGCCT,BCL2,63318421,sense,GGGC,C-T,"C_4_5, C_6_7_8","Ala77Val, Pro78Phe","Missense, Missense"
CTGCGACAGCTTATAATGGA,CCCTCTGCGACAGCTTATAATGGATGTACT,BCL2,63318592,antisense,TGTA,C-T,"C_7, C_4","Leu23Leu, Ser24Ser","Silent, Silent"
CTGCTCAGTTTGGCCCTGGT,GACTCTGCTCAGTTTGGCCCTGGTGGGAGC,BCL2,63128668,sense,GGGA,C-T,C_4_6,Leu221Phe,Missense
CTGGATGGGGCGTGTGCCCG,GCGGCTGGATGGGGCGTGTGCCCGGGCTGG,BCL2,63318489,antisense,GGCT,C-T,,,
CTGGCGACCGGGTCCCGGGA,GGTCCTGGCGACCGGGTCCCGGGATGCGGC,BCL2,63318464,antisense,TGCG,C-T,"C_8, C_5","Val66Ile, Ala67Thr","Missense, Missense"
CTGGCTGGACATCTCGGCGA,GCAGCTGGCTGGACATCTCGGCGAAGTCGC,BCL2,63318313,antisense,AGTC,C-T,C_5,Ser117Asn,Missense
CTGGCTGTCTCTGAAGACTC,TCTCCTGGCTGTCTCTGAAGACTCTGCTCA,BCL2,63128687,sense,TGCT,C-T,C_5,Leu215Leu,Silent
CTGGGAAGGATGGCGCACGC,TCCTCTGGGAAGGATGGCGCACGCTGGGAG,BCL2,63318656,sense,TGGG,C-T,,,
CTGGGTAGGTGCACTTGGTG,GAGGCTGGGTAGGTGCACTTGGTGATGTGA,BCL2,63318066,sense,ATGT,C-T,,,
CTGGGTGCCTATCTGGGCCA,CACCCTGGGTGCCTATCTGGGCCACAAGTG,BCL2,63128632,sense,CAAG,C-T,C_8,Ala234Val,Missense
CTGGTGGACAACATCGCCCT,GCCCCTGGTGGACAACATCGCCCTGTGGAT,BCL2,63318143,sense,GTGG,C-T,,,
CTGTCGCAGAGGGGCTACGA,TAAGCTGTCGCAGAGGGGCTACGAGTGGGA,BCL2,63318581,sense,GTGG,C-T,"C_5, C_7","Ser24Leu, Gln25Ter","Missense, Nonsense"
CTGTCTCTGAAGACTCTGCT,CTGGCTGTCTCTGAAGACTCTGCTCAGTTT,BCL2,63128683,sense,CAGT,C-T,"C_5, C_7","Ser216Phe, Leu217Leu","Missense, Silent"
CTGTGGATGACTGAGTACCT,CGCCCTGTGGATGACTGAGTACCTGAACCG,BCL2,63318125,sense,GAAC,C-T,,,
CTGTGGTCCACCTGACCCTC,CCACCTGTGGTCCACCTGACCCTCCGCCAG,BCL2,63318376,sense,CGCC,C-T,C_8,Val93Val,Silent
CTTCACTTGTGGCCCAGATA,TTGACTTCACTTGTGGCCCAGATAGGCACC,BCL2,63128623,antisense,GGCA,C-T,"C_6, C_4","Lys239Lys, Ter240Ter","Silent, Silent"
CTTCAGAGACAGCCAGGAGA,GAGTCTTCAGAGACAGCCAGGAGAAATCAA,BCL2,63128691,antisense,AATC,C-T,C_4,Leu217Leu,Silent
CTTCAGGGACGGGGTGAACT,AGCTCTTCAGGGACGGGGTGAACTGGGGGA,BCL2,63318237,sense,GGGG,C-T,C_4,Phe138Phe,Silent
CTTCCCAGAGGAAAAGCAAC,CATCCTTCCCAGAGGAAAAGCAACGGGGGC,BCL2,63318668,antisense,GGGG,C-T,"C_6, C_5, C_4","(NC), (NC), (NC)","UTR, UTR, UTR"
CTTCCCTCCTCTCCCCCAAC,TTTTCTTCCCTCCTCTCCCCCAACTGCAGG,BCL2,63128765,sense,TGCA,C-T,"C_4, C_5, C_6, C_8","(NC), (NC), (NC), (NC)","Intron, Intron, Intron, Intron"
CTTCCGTTTACGTCGTCGTT,,NO_SITE,,,,,,NO_SITE,NO_SITE
CTTCGCCGAGATGTCCAGCC,GCGACTTCGCCGAGATGTCCAGCCAGCTGC,BCL2,63318315,sense,AGCT,C-T,"C_4, C_6_7","Phe112Phe, Ala113Val","Silent, Missense"
CTTTGAGTTCGGTGGGGTCA,CCTTCTTTGAGTTCGGTGGGGTCATGTGTG,BCL2,63318198,sense,TGTG,C-T,,,
CTTTGCCACGGTGGTGGAGG,GACGCTTTGCCACGGTGGTGGAGGAGCTCT,BCL2,63318261,sense,AGCT,C-T,C_6_7,Ala131Val,Missense
GAAAACGAGCGGAACGCGAT,,NO_SITE,,,,,,NO_SITE,NO_SITE
GAAAAGTCATCCCACGAAGT,,ONE_NON-GENE_SITE,,,,,,ONE_NON-GENE_SITE,ONE_NON-GENE_SITE
GAAATCAAACAGAGGCCGCA,AGGAGAAATCAAACAGAGGCCGCATGCTGG,BCL2,63128709,antisense,TGCT,C-T,C_6,Asp211Asn,Missense
GAACAAACCTTATGCACATA,,SF3B1,,,,,,SF3B1,SF3B1
GAACAATAGTCGAACTAGGT,,ONE_NON-GENE_SITE,,,,,,ONE_NON-GENE_SITE,ONE_NON-GENE_SITE
GAACAGGGTACGATAACCGG,GGGAGAACAGGGTACGATAACCGGGAGATA,BCL2,63318631,sense,GAGA,C-T,C_4,Thr7Ile,Missense
GAACCGGCACCTGCACACCT,ACCTGAACCGGCACCTGCACACCTGGATCC,BCL2,63318105,sense,GGAT,C-T,"C_4, C_5, C_8","Asn182Asn, Arg183Trp, His184Tyr","Silent, Missense, Missense"
GAAGAGCTCCTCCACCACCG,CCCTGAAGAGCTCCTCCACCACCGTGGCAA,BCL2,63318253,antisense,TGGC,C-T,C_7,Glu136Glu,Silent
GAAGATGCCCGGTGCGGGGG,AGGAGAAGATGCCCGGTGCGGGGGCGGCCC,BCL2,63318520,antisense,CGGC,C-T,C_8,Gly47Asp,Missense
GAAGGATGGCGCACGCTGGG,CTGGGAAGGATGGCGCACGCTGGGAGAACA,BCL2,63318652,sense,AGAA,C-T,,,
GAAGGCCACAATCCTCCCCC,CAAAGAAGGCCACAATCCTCCCCCAGTTCA,BCL2,63318217,antisense,AGTT,C-T,"C_7, C_6","Val148Val, Ala149Thr","Silent, Missense"
GAAGGGCGTCAGGTGCAGCT,CGGTGAAGGGCGTCAGGTGCAGCTGGCTGG,BCL2,63318295,antisense,GGCT,C-T,C_7,Thr122Thr,Silent
GAAGTACATCCATTATAAGC,TGATGAAGTACATCCATTATAAGCTGTCGC,BCL2,63318600,sense,TGTC,C-T,C_7,Tyr18Tyr,Silent
GAAGTCGCGGCGGTAGCGGC,CGGCGAAGTCGCGGCGGTAGCGGCGGGAGA,BCL2,63318331,antisense,GGGA,C-T,"C_8, C_6","Arg110His, Asp111Asn","Missense, Missense"
GAAGTCGTCGCCGGCCTGGC,GGGAGAAGTCGTCGCCGGCCTGGCGGAGGG,BCL2,63318355,antisense,GGAG,C-T,C_6,Asp103Asn,Missense
GAAGTGTAATTGGGTTCACC,,ONE_NON-GENE_SITE,,,,,,ONE_NON-GENE_SITE,ONE_NON-GENE_SITE
GAATACCTCTAGCCATTCAG,,TFRC,,,,,,TFRC,TFRC
GACAACATCGCCCTGTGGAT,GGTGGACAACATCGCCCTGTGGATGACTGA,BCL2,63318137,sense,GACT,C-T,C_6,Asn172Asn,Silent
GACAGCCAGGAGAAATCAAA,CAGAGACAGCCAGGAGAAATCAAACAGAGG,BCL2,63128698,antisense,CAGA,C-T,C_7_6,Trp214Ter,Nonsense
GACCACAGGTGGCACCGGGC,GGTGGACCACAGGTGGCACCGGGCTGAGCG,BCL2,63318388,antisense,TGAG,C-T,C_6_4,Val92Ile,Missense
GACCCCACCGAACTCAAAGA,ACATGACCCCACCGAACTCAAAGAAGGCCA,BCL2,63318199,antisense,AGGC,C-T,"C_8, C_6_5_4","Gly154Asp, Gly155Lys","Missense, Missense"
GACCTCAAGTGATCCGGACA,,ONE_NON-GENE_SITE,,,,,,ONE_NON-GENE_SITE,ONE_NON-GENE_SITE
GACCTCGCCGCTGCAGACCC,CCAGGACCTCGCCGCTGCAGACCCCGGCTG,BCL2,63318444,sense,CGGC,C-T,"C_4, C_6, C_8","Thr69Thr, Ser70Leu, Pro71Ser","Silent, Missense, Missense"
GACGCCCTTCACCGCGCGGG,ACCTGACGCCCTTCACCGCGCGGGGACGCT,BCL2,63318285,sense,GACG,C-T,C_5_6_7,Pro123Phe,Missense
GACGCTTTGCCACGGTGGTG,CGGGGACGCTTTGCCACGGTGGTGGAGGAG,BCL2,63318265,sense,GAGG,C-T,C_5,Arg129Arg,Silent
GACGGGGTGAACTGGGGGAG,CAGGGACGGGGTGAACTGGGGGAGGATTGT,BCL2,63318230,sense,GATT,C-T,,,
GACTCTGCTCAGTTTGGCCC,TGAAGACTCTGCTCAGTTTGGCCCTGGTGG,BCL2,63128672,sense,TGGT,C-T,"C_5, C_8","Leu220Leu, Leu221Phe","Silent, Missense"
GACTGAGAATCATCGATTGA,,ONE_NON-GENE_SITE,,,,,,ONE_NON-GENE_SITE,ONE_NON-GENE_SITE
GAGAAATCAAACAGAGGCCG,CCAGGAGAAATCAAACAGAGGCCGCATGCT,BCL2,63128707,antisense,CATG,C-T,C_8,Asp211Asn,Missense
GAGAACAGGGTACGATAACC,CTGGGAGAACAGGGTACGATAACCGGGAGA,BCL2,63318633,sense,GGGA,C-T,C_6,Thr7Ile,Missense
GAGAAGATGCCCGGTGCGGG,GGAGGAGAAGATGCCCGGTGCGGGGGCGGC,BCL2,63318518,antisense,GGCG,C-T,,,
GAGCCGCCGAACGACGTATA,,NO_SITE,,,,,,NO_SITE,NO_SITE
GAGCGCAGGCCCCGCGGCGG,GGCTGAGCGCAGGCCCCGCGGCGGCGCCGG,BCL2,63318409,antisense,CGCC,C-T,C_6_4,Ala85Thr,Missense
GAGCGTCAACCGGGAGATGT,TGGAGAGCGTCAACCGGGAGATGTCGCCCC,BCL2,63318168,sense,CGCC,C-T,"C_4, C_7","Ser161Ser, Val162Val","Silent, Silent"
GAGCTCTTCAGGGACGGGGT,GGAGGAGCTCTTCAGGGACGGGGTGAACTG,BCL2,63318242,sense,GAAC,C-T,C_4_6,Leu137Phe,Missense
GAGGAGAAGATGCCCGGTGC,CTGGGAGGAGAAGATGCCCGGTGCGGGGGC,BCL2,63318515,antisense,GGGG,C-T,,,
GAGGAGCTCTTCAGGGACGG,GGTGGAGGAGCTCTTCAGGGACGGGGTGAA,BCL2,63318245,sense,GGTG,C-T,C_7,Leu137Phe,Missense
GAGGATTGTGGCCTTCTTTG,GGGGGAGGATTGTGGCCTTCTTTGAGTTCG,BCL2,63318213,sense,AGTT,C-T,,,
GAGGCTGGGTAGGTGCACTT,AACGGAGGCTGGGTAGGTGCACTTGGTGAT,BCL2,63318070,sense,GGTG,C-T,C_5,Gly194Gly,Silent
GAGGGACGTAATCCCGATCG,,NO_SITE,,,,,,NO_SITE,NO_SITE
GAGGGGCTACGAGTGGGATG,CGCAGAGGGGCTACGAGTGGGATGCGGGAG,BCL2,63318573,sense,CGGG,C-T,C_7,Gly27Gly,Silent
GAGGGTCAGGTGGACCACAG,GGCGGAGGGTCAGGTGGACCACAGGTGGCA,BCL2,63318376,antisense,GTGG,C-T,C_7,Leu95Leu,Silent
GAGTCTTCAGAGACAGCCAG,AGCAGAGTCTTCAGAGACAGCCAGGAGAAA,BCL2,63128687,antisense,GAGA,C-T,"C_8, C_5","Leu217Leu, Lys218Lys","Silent, Silent"
GAGTGGGATGCGGGAGATGT,CTACGAGTGGGATGCGGGAGATGTGGGCGC,BCL2,63318563,sense,GGGC,C-T,,,
GAGTTCGGTGGGGTCATGTG,CTTTGAGTTCGGTGGGGTCATGTGTGTGGA,BCL2,63318194,sense,TGTG,C-T,C_6,Phe153Phe,Silent
GATAACCGGGAGATAGTGAT,GTACGATAACCGGGAGATAGTGATGAAGTA,BCL2,63318620,sense,GAAG,C-T,"C_6, C_7","Asn11Asn, Arg12Trp","Silent, Missense"
GATAACGGAGGCTGGGTAGG,CCAGGATAACGGAGGCTGGGTAGGTGCACT,BCL2,63318077,sense,TGCA,C-T,C_6,Asn192Asn,Silent
GATAGGCACCCAGGGTGATG,CCCAGATAGGCACCCAGGGTGATGCAAGCT,BCL2,63128639,antisense,CAAG,C-T,C_7,Ala234Thr,Missense
GATCATCGACGCGTACGCTT,,NO_SITE,,,,,,NO_SITE,NO_SITE
GATCCAGGATAACGGAGGCT,CCTGGATCCAGGATAACGGAGGCTGGGTAG,BCL2,63318084,sense,GGGT,C-T,"C_4, C_5","Ile189Ile, Gln190Ter","Silent, Nonsense"
GATCCAGGTGTGCAGGTGCC,CCTGGATCCAGGTGTGCAGGTGCCGGTTCA,BCL2,63318100,antisense,GGTT,C-T,C_5_4,Trp188Ter,Nonsense
GATGAAGTACATCCATTATA,TAGTGATGAAGTACATCCATTATAAGCTGT,BCL2,63318603,sense,AGCT,C-T,,,
GATGACTGAGTACCTGAACC,TGTGGATGACTGAGTACCTGAACCGGCACC,BCL2,63318120,sense,GGCA,C-T,C_6,Thr178Ile,Missense
GATGCCTTTGTGGAACTGTA,GCAGGATGCCTTTGTGGAACTGTACGGCCC,BCL2,63128740,sense,CGGC,C-T,C_5_6,Ala197Val,Missense
GATGCGGGAGATGTGGGCGC,GTGGGATGCGGGAGATGTGGGCGCCGCGCC,BCL2,63318557,sense,CGCG,C-T,C_5,Ala32Val,Missense
GATGGCGCACGCTGGGAGAA,GAAGGATGGCGCACGCTGGGAGAACAGGGT,BCL2,63318648,sense,CAGG,C-T,"C_6, C_8","Ala2Val, His3Tyr","Missense, Missense"
GATGGGGCGTGTGCCCGGGC,GCTGGATGGGGCGTGTGCCCGGGCTGGGAG,BCL2,63318492,antisense,TGGG,C-T,C_8,Thr56Thr,Silent
GATGTCCAGCCAGCTGCACC,CCGAGATGTCCAGCCAGCTGCACCTGACGC,BCL2,63318306,sense,TGAC,C-T,C_6_7,Ser116Phe,Missense
GATGTGGGCGCCGCGCCCCC,GGGAGATGTGGGCGCCGCGCCCCCGGGGGC,BCL2,63318548,sense,GGGG,C-T,,,
GATTTACCTTTCCTCTGTGT,,SF3B1,,,,,,SF3B1,SF3B1
GATTTCTCCTGGCTGTCTCT,GTTTGATTTCTCCTGGCTGTCTCTGAAGAC,BCL2,63128695,sense,GAAG,C-T,"C_6, C_8","Phe212Phe, Ser213Phe","Silent, Missense"
GCAAAGCGTCCCCGCGCGGT,CGTGGCAAAGCGTCCCCGCGCGGTGAAGGG,BCL2,63318275,antisense,GAAG,C-T,C_7,Arg129His,Missense
GCAACGATAACGTCCGATTA,,NO_SITE,,,,,,NO_SITE,NO_SITE
GCACCTGACGCCCTTCACCG,AGCTGCACCTGACGCCCTTCACCGCGCGGG,BCL2,63318291,sense,CGCG,C-T,"C_4, C_5","His120His, Leu121Leu","Silent, Silent"
GCACCTGCACACCTGGATCC,ACCGGCACCTGCACACCTGGATCCAGGATA,BCL2,63318099,sense,AGGA,C-T,"C_4, C_5, C_8","His184His, Leu185Leu, His186Tyr","Silent, Silent, Missense"
GCACTTACGCTCGTCGGTAA,,NO_SITE,,,,,,NO_SITE,NO_SITE
GCAGAGTCTTCAGAGACAGC,CTGAGCAGAGTCTTCAGAGACAGCCAGGAG,BCL2,63128684,antisense,CAGG,C-T,C_8,Lys218Lys,Silent
GCAGCCGGGGTCTGCAGCGG,GGGGGCAGCCGGGGTCTGCAGCGGCGAGGT,BCL2,63318437,antisense,CGAG,C-T,"C_6, C_5","Pro75Pro, Ala76Thr","Silent, Missense"
GCAGGACAGACGACCCGCGT,,ONE_NON-GENE_SITE,,,,,,ONE_NON-GENE_SITE,ONE_NON-GENE_SITE
GCAGGATGCCTTTGTGGAAC,AACTGCAGGATGCCTTTGTGGAACTGTACG,BCL2,63128744,sense,TGTA,C-T,,,
GCAGGCATGTTGACTTCACT,TGGGGCAGGCATGTTGACTTCACTTGTGGC,BCL2,63128610,antisense,TGTG,C-T,C_6,(NC),UTR
GCAGGCCCCGCGGCGGCGCC,GAGCGCAGGCCCCGCGGCGGCGCCGGGGGC,BCL2,63318413,antisense,GGGG,C-T,C_8_7_6,Gly83Lys,Missense
GCAGTTGGGGGAGAGGAGGG,TCCTGCAGTTGGGGGAGAGGAGGGAAGAAA,BCL2,63128762,antisense,AAGA,C-T,,,
GCATCCCGGGACCCGGTCGC,AGCCGCATCCCGGGACCCGGTCGCCAGGAC,BCL2,63318467,sense,CAGG,C-T,"C_5_6, C_7","Ser62Phe, Arg63Trp","Missense, Missense"
GCATCCTGCAGTTGGGGGAG,AAAGGCATCCTGCAGTTGGGGGAGAGGAGG,BCL2,63128755,antisense,AGGA,C-T,"C_6, C_5","(NC), Asp196Asn","Splice-acceptor, Missense"
GCATCGCGTCGTCGATATTC,,NO_SITE,,,,,,NO_SITE,NO_SITE
GCATCTTCTCCTCCCAGCCC,CCGGGCATCTTCTCCTCCCAGCCCGGGCAC,BCL2,63318508,sense,GGGC,C-T,"C_5, C_8","Ile48Ile, Phe49Phe","Silent, Silent"
GCCAAACTGAGCAGAGTCTT,CAGGGCCAAACTGAGCAGAGTCTTCAGAGA,BCL2,63128674,antisense,CAGA,C-T,C_7,Ser222Asn,Missense
GCCAGGAGAAATCAAACAGA,GACAGCCAGGAGAAATCAAACAGAGGCCGC,BCL2,63128702,antisense,GGCC,C-T,,,
GCCATCCTTCCCAGAGGAAA,GTGCGCCATCCTTCCCAGAGGAAAAGCAAC,BCL2,63318662,antisense,AGCA,C-T,"C_7, C_6","(NC), (NC)","UTR, UTR"
GCCCACCTGCACCATGGGGT,,EEF2,,,,,,EEF2,EEF2
GCCCAGATAGGCACCCAGGG,TGTGGCCCAGATAGGCACCCAGGGTGATGC,BCL2,63128634,antisense,TGAT,C-T,C_4,Leu236Leu,Silent
GCCCCATCCAGCCGCATCCC,ACACGCCCCATCCAGCCGCATCCCGGGACC,BCL2,63318480,sense,GGGA,C-T,"C_4, C_5, C_8","Pro57Pro, His58Tyr, Pro59Ser","Silent, Missense, Missense"
GCCCCTCTGCGACAGCTTAT,CGTAGCCCCTCTGCGACAGCTTATAATGGA,BCL2,63318586,antisense,AATG,C-T,"C_7, C_5_4","Gln25Gln, Arg26Lys","Silent, Missense"
GCCCGAATCGTCGTCGCATT,,NO_SITE,,,,,,NO_SITE,NO_SITE
GCCGCATCCCGGGACCCGGT,TCCAGCCGCATCCCGGGACCCGGTCGCCAG,BCL2,63318470,sense,CGCC,C-T,"C_5, C_8","Ala61Val, Ser62Phe","Missense, Missense"
GCCGCATGCTGGGGCCGTAC,AGAGGCCGCATGCTGGGGCCGTACAGTTCC,BCL2,63128723,antisense,AGTT,C-T,C_5,Met206Ile,Missense
GCCGGCCTGGCGGAGGGTCA,CGTCGCCGGCCTGGCGGAGGGTCAGGTGGA,BCL2,63318364,antisense,GGTG,C-T,"C_7, C_6","Gln99Gln, Ala100Thr","Silent, Missense"
GCCGGGGTCTGCAGCGGCGA,GGCAGCCGGGGTCTGCAGCGGCGAGGTCCT,BCL2,63318440,antisense,GGTC,C-T,,,
GCCTATCTGGGCCACAAGTG,GGGTGCCTATCTGGGCCACAAGTGAAGTCA,BCL2,63128626,sense,AAGT,C-T,C_7,Leu236Leu,Silent
GCCTCCGTTATCCTGGATCC,CCCAGCCTCCGTTATCCTGGATCCAGGTGT,BCL2,63318085,antisense,AGGT,C-T,C_6_5,Gly193Lys,Missense
GCCTCGTGGGATGCGTTGTG,,ONE_NON-GENE_SITE,,,,,,ONE_NON-GENE_SITE,ONE_NON-GENE_SITE
GCCTCTGTTTGATTTCTCCT,TGCGGCCTCTGTTTGATTTCTCCTGGCTGT,BCL2,63128705,sense,GGCT,C-T,C_5,Leu209Leu,Silent
GCCTTCTTTGAGTTCGGTGG,TGTGGCCTTCTTTGAGTTCGGTGGGGTCAT,BCL2,63318203,sense,GGTC,C-T,C_6,Phe150Phe,Silent
GCGACCGGGTCCCGGGATGC,CCTGGCGACCGGGTCCCGGGATGCGGCTGG,BCL2,63318467,antisense,GGCT,C-T,"C_6, C_5","Pro65Pro, Val66Ile","Silent, Missense"
GCGACTTCGCCGAGATGTCC,CGCCGCGACTTCGCCGAGATGTCCAGCCAG,BCL2,63318319,sense,AGCC,C-T,"C_5, C_8","Asp111Asp, Phe112Phe","Silent, Silent"
GCGATGTTGTCCACCAGGGG,CAGGGCGATGTTGTCCACCAGGGGCGACAT,BCL2,63318146,antisense,CGAC,C-T,,,
GCGCCCCCGGGGGCCGCCCC,CGCCGCGCCCCCGGGGGCCGCCCCCGCACC,BCL2,63318536,sense,CGCA,C-T,"C_4_5_6, C_7_8","Pro39Phe, Pro40Leu","Missense, Missense"
GCGCGGGGACGCTTTGCCAC,CACCGCGCGGGGACGCTTTGCCACGGTGGT,BCL2,63318272,sense,GGTG,C-T,C_4,Arg127Trp,Missense
GCGCGGTGAAGGGCGTCAGG,CCCCGCGCGGTGAAGGGCGTCAGGTGCAGC,BCL2,63318288,antisense,TGCA,C-T,C_4,Ala126Thr,Missense
GCGCGTCAAGCGACGCGATT,,NO_SITE,,,,,,NO_SITE,NO_SITE
GCGCTCAGCCCGGTGCCACC,GCCTGCGCTCAGCCCGGTGCCACCTGTGGT,BCL2,63318395,sense,TGTG,C-T,C_4_6,Leu86Phe,Missense
GCGGAGGGTCAGGTGGACCA,CCTGGCGGAGGGTCAGGTGGACCACAGGTG,BCL2,63318373,antisense,CAGG,C-T,,,
GCGGCGAGGTCCTGGCGACC,TGCAGCGGCGAGGTCCTGGCGACCGGGTCC,BCL2,63318453,antisense,GGGT,C-T,C_5,Ser70Ser,Silent
GCGGCGCCGGGGGCAGCCGG,CGCGGCGGCGCCGGGGGCAGCCGGGGTCTG,BCL2,63318425,antisense,GGTC,C-T,"C_8_7, C_5","Gly79Asn, Ala80Thr","Missense, Missense"
GCGGCGGCGCCGGGGGCAGC,CCCCGCGGCGGCGCCGGGGGCAGCCGGGGT,BCL2,63318422,antisense,CGGG,C-T,"C_8, C_5","Ala80Thr, Ala81Thr","Missense, Missense"
GCGGCGGGAGAAGTCGTCGC,GGTAGCGGCGGGAGAAGTCGTCGCCGGCCT,BCL2,63318346,antisense,CGGC,C-T,C_5,Arg106His,Missense
GCGGCGGTAGCGGCGGGAGA,AGTCGCGGCGGTAGCGGCGGGAGAAGTCGT,BCL2,63318337,antisense,AGTC,C-T,C_5,Arg109His,Missense
GCGGGGACGCTTTGCCACGG,CCGCGCGGGGACGCTTTGCCACGGTGGTGG,BCL2,63318270,sense,TGGT,C-T,C_8,Arg129Cys,Missense
GCGGGGCCTGCGCTCAGCCC,CGCCGCGGGGCCTGCGCTCAGCCCGGTGCC,BCL2,63318404,sense,GGTG,C-T,C_7_8,Pro84Phe,Missense
GCGGGGGCGGCCCCCGGGGG,CGGTGCGGGGGCGGCCCCCGGGGGCGCGGC,BCL2,63318533,antisense,CGCG,C-T,C_8,Ala43Thr,Missense
GCGGTAGCGGCGGGAGAAGT,CGCGGCGGTAGCGGCGGGAGAAGTCGTCGC,BCL2,63318340,antisense,CGTC,C-T,C_8,Arg107His,Missense
GCGTCAGGTGCAGCTGGCTG,AAGGGCGTCAGGTGCAGCTGGCTGGACATC,BCL2,63318300,antisense,GACA,C-T,C_5,Leu121Leu,Silent
GCGTGCGCCATCCTTCCCAG,CCCAGCGTGCGCCATCCTTCCCAGAGGAAA,BCL2,63318656,antisense,AGGA,C-T,C_8_6,Ala2Thr,Missense
GCGTGTGCCCGGGCTGGGAG,TGGGGCGTGTGCCCGGGCTGGGAGGAGAAG,BCL2,63318498,antisense,GAGA,C-T,C_8,Gly54Gly,Silent
GCTACCGCCGCGACTTCGCC,CGCCGCTACCGCCGCGACTTCGCCGAGATG,BCL2,63318328,sense,GAGA,C-T,"C_5, C_6_8","Tyr108Tyr, Arg109Cys","Silent, Missense"
GCTACGAGTGGGATGCGGGA,AGGGGCTACGAGTGGGATGCGGGAGATGTG,BCL2,63318568,sense,GATG,C-T,C_5,Tyr28Tyr,Silent
GCTCACCTCTGAAGCTTCAA,,KPNB1,,,,,,KPNB1,KPNB1
GCTCAGCCCGGTGCCACCTG,CTGCGCTCAGCCCGGTGCCACCTGTGGTCC,BCL2,63318393,sense,TGGT,C-T,"C_4, C_7, C_8","Leu86Leu, Ser87Ser, Pro88Ser","Silent, Silent, Missense"
GCTCAGTTTGGCCCTGGTGG,CTCTGCTCAGTTTGGCCCTGGTGGGAGCTT,BCL2,63128666,sense,GAGC,C-T,C_4,Leu221Leu,Silent
GCTCCCACCAGGGCCAAACT,GCAAGCTCCCACCAGGGCCAAACTGAGCAG,BCL2,63128662,antisense,GAGC,C-T,"C_8_6, C_5_4","Val226Ile, Gly227Lys","Missense, Missense"
GCTCCGATTATACCGATCGG,,NO_SITE,,,,,,NO_SITE,NO_SITE
GCTCTAGATGGCATGCACGA,,ONE_NON-GENE_SITE,,,,,,ONE_NON-GENE_SITE,ONE_NON-GENE_SITE
GCTGAGCGCAGGCCCCGCGG,CCGGGCTGAGCGCAGGCCCCGCGGCGGCGC,BCL2,63318406,antisense,CGGC,C-T,C_7,Ala85Ala,Silent
GCTGCATAGCTGTTCTACAT,,ONE_NON-GENE_SITE,,,,,,ONE_NON-GENE_SITE,ONE_NON-GENE_SITE
GCTGCCCCCGGCGCCGCCGC,CCCGGCTGCCCCCGGCGCCGCCGCGGGGCC,BCL2,63318422,sense,GGGG,C-T,"C_5_6, C_7_8","Ala77Val, Pro78Phe","Missense, Missense"
GCTGGACATCTCGGCGAAGT,GCTGGCTGGACATCTCGGCGAAGTCGCGGC,BCL2,63318316,antisense,CGCG,C-T,C_7,Met115Ile,Missense
GCTGGATGGGGCGTGTGCCC,TGCGGCTGGATGGGGCGTGTGCCCGGGCTG,BCL2,63318488,antisense,GGGC,C-T,,,
GCTGGCTGGACATCTCGGCG,TGCAGCTGGCTGGACATCTCGGCGAAGTCG,BCL2,63318312,antisense,AAGT,C-T,C_6,Ser117Asn,Missense
GCTGGGAGGAGAAGATGCCC,CCGGGCTGGGAGGAGAAGATGCCCGGTGCG,BCL2,63318510,antisense,GGTG,C-T,,,
GCTGGGTAGGTGCACTTGGT,GGAGGCTGGGTAGGTGCACTTGGTGATGTG,BCL2,63318067,sense,GATG,C-T,,,
GCTGTCGCAGAGGGGCTACG,ATAAGCTGTCGCAGAGGGGCTACGAGTGGG,BCL2,63318582,sense,AGTG,C-T,"C_6, C_8","Ser24Leu, Gln25Ter","Missense, Nonsense"
GCTTAGTCCGCGCGTTATAC,,NO_SITE,,,,,,NO_SITE,NO_SITE
GCTTTGCCACGGTGGTGGAG,GGACGCTTTGCCACGGTGGTGGAGGAGCTC,BCL2,63318262,sense,GAGC,C-T,C_7_8,Ala131Val,Missense
GGAACAACGCGCCGTTGTAC,,NO_SITE,,,,,,NO_SITE,NO_SITE
GGAACTGTACGGCCCCAGCA,TTGTGGAACTGTACGGCCCCAGCATGCGGC,BCL2,63128729,sense,TGCG,C-T,C_5,Leu201Leu,Silent
GGAAGGATGGCGCACGCTGG,TCTGGGAAGGATGGCGCACGCTGGGAGAAC,BCL2,63318653,sense,GAGA,C-T,,,
GGACAACATCGCCCTGTGGA,TGGTGGACAACATCGCCCTGTGGATGACTG,BCL2,63318138,sense,TGAC,C-T,"C_4, C_7","Asp171Asp, Asn172Asn","Silent, Silent"
GGACATCTCGGCGAAGTCGC,GGCTGGACATCTCGGCGAAGTCGCGGCGGT,BCL2,63318319,antisense,GGCG,C-T,"C_7, C_4","Glu114Glu, Met115Ile","Silent, Missense"
GGACCCGGTCGCCAGGACCT,CCCGGGACCCGGTCGCCAGGACCTCGCCGC,BCL2,63318459,sense,CGCC,C-T,"C_4, C_5_6","Asp64Asp, Pro65Leu","Silent, Missense"
GGACGCGTTATGCGCGATTA,,NO_SITE,,,,,,NO_SITE,NO_SITE
GGACGCTTTGCCACGGTGGT,GCGGGGACGCTTTGCCACGGTGGTGGAGGA,BCL2,63318266,sense,GGAG,C-T,C_4_6,Arg129Cys,Missense
GGACGGGGTGAACTGGGGGA,TCAGGGACGGGGTGAACTGGGGGAGGATTG,BCL2,63318231,sense,GGAT,C-T,C_4,Asp140Asp,Silent
GGACTCCGCTCGTACGATTA,,NO_SITE,,,,,,NO_SITE,NO_SITE
GGACTTACCTTTCTCATTGG,,SF3B1,,,,,,SF3B1,SF3B1
GGAGAACAGGGTACGATAAC,GCTGGGAGAACAGGGTACGATAACCGGGAG,BCL2,63318634,sense,CGGG,C-T,C_7,Thr7Ile,Missense
GGAGAAGATGCCCGGTGCGG,GGGAGGAGAAGATGCCCGGTGCGGGGGCGG,BCL2,63318517,antisense,GGGC,C-T,,,
GGAGAAGTCGTCGCCGGCCT,GGCGGGAGAAGTCGTCGCCGGCCTGGCGGA,BCL2,63318352,antisense,GGCG,C-T,,,
GGAGAGCGTCAACCGGGAGA,GTGTGGAGAGCGTCAACCGGGAGATGTCGC,BCL2,63318171,sense,TGTC,C-T,C_7,Ser161Ser,Silent
GGAGCTCTTCAGGGACGGGG,TGGAGGAGCTCTTCAGGGACGGGGTGAACT,BCL2,63318243,sense,TGAA,C-T,C_5_7,Leu137Phe,Missense
GGAGCTTGCATCACCCTGGG,GGTGGGAGCTTGCATCACCCTGGGTGCCTA,BCL2,63128647,sense,TGCC,C-T,C_5,Ala228Val,Missense
GGAGGAGAAGATGCCCGGTG,GCTGGGAGGAGAAGATGCCCGGTGCGGGGG,BCL2,63318514,antisense,CGGG,C-T,,,
GGAGGAGCTCTTCAGGGACG,TGGTGGAGGAGCTCTTCAGGGACGGGGTGA,BCL2,63318246,sense,GGGT,C-T,C_8,Leu137Phe,Missense
GGAGGATTGTGGCCTTCTTT,TGGGGGAGGATTGTGGCCTTCTTTGAGTTC,BCL2,63318214,sense,GAGT,C-T,,,
GGAGGCTGGGTAGGTGCACT,TAACGGAGGCTGGGTAGGTGCACTTGGTGA,BCL2,63318071,sense,TGGT,C-T,C_6,Gly194Gly,Silent
GGAGGGTCAGGTGGACCACA,TGGCGGAGGGTCAGGTGGACCACAGGTGGC,BCL2,63318375,antisense,GGTG,C-T,C_8,Leu95Leu,Silent
GGATCCAGGATAACGGAGGC,ACCTGGATCCAGGATAACGGAGGCTGGGTA,BCL2,63318085,sense,TGGG,C-T,"C_5, C_6","Ile189Ile, Gln190Ter","Silent, Nonsense"
GGATCCAGGTGTGCAGGTGC,TCCTGGATCCAGGTGTGCAGGTGCCGGTTC,BCL2,63318099,antisense,CGGT,C-T,C_6_5,Trp188Ter,Nonsense
GGATGACTGAGTACCTGAAC,CTGTGGATGACTGAGTACCTGAACCGGCAC,BCL2,63318121,sense,CGGC,C-T,C_7,Thr178Ile,Missense
GGATGCGGCTGGATGGGGCG,CCCGGGATGCGGCTGGATGGGGCGTGTGCC,BCL2,63318481,antisense,TGTG,C-T,C_6,Ala61Thr,Missense
GGCAAAGCGTCCCCGCGCGG,CCGTGGCAAAGCGTCCCCGCGCGGTGAAGG,BCL2,63318274,antisense,TGAA,C-T,C_8,Arg129His,Missense
GGCACCTGCACACCTGGATC,AACCGGCACCTGCACACCTGGATCCAGGAT,BCL2,63318100,sense,CAGG,C-T,"C_5, C_6","His184His, Leu185Leu","Silent, Silent"
GGCATCCTGCAGTTGGGGGA,CAAAGGCATCCTGCAGTTGGGGGAGAGGAG,BCL2,63128754,antisense,GAGG,C-T,"C_7, C_6","(NC), Asp196Asn","Splice-acceptor, Missense"
GGCATCTTCTCCTCCCAGCC,ACCGGGCATCTTCTCCTCCCAGCCCGGGCA,BCL2,63318509,sense,CGGG,C-T,C_6,Ile48Ile,Silent
GGCATGTTGACTTCACTTGT,GGCAGGCATGTTGACTTCACTTGTGGCCCA,BCL2,63128613,antisense,GGCC,C-T,,,
GGCCACAAGTGAAGTCAACA,TCTGGGCCACAAGTGAAGTCAACATGCCTG,BCL2,63128617,sense,TGCC,C-T,C_4_6,His238Tyr,Missense
GGCCCAGATAGGCACCCAGG,TTGTGGCCCAGATAGGCACCCAGGGTGATG,BCL2,63128633,antisense,GTGA,C-T,"C_5, C_4","Leu236Leu, Gly237Ser","Silent, Missense"
GGCCCCGCGGCGGCGCCGGG,CGCAGGCCCCGCGGCGGCGCCGGGGGCAGC,BCL2,63318416,antisense,GGCA,C-T,"C_8_6, C_5_4","Ala82Thr, Gly83Lys","Missense, Missense"
GGCCGCATGCTGGGGCCGTA,CAGAGGCCGCATGCTGGGGCCGTACAGTTC,BCL2,63128722,antisense,CAGT,C-T,"C_6, C_4","Met206Ile, Arg207Gln","Missense, Missense"
GGCCTCTGTTTGATTTCTCC,ATGCGGCCTCTGTTTGATTTCTCCTGGCTG,BCL2,63128706,sense,TGGC,C-T,"C_4, C_6","Pro208Leu, Leu209Leu","Missense, Silent"
GGCCTGGCGGAGGGTCAGGT,CGCCGGCCTGGCGGAGGGTCAGGTGGACCA,BCL2,63318367,antisense,GGAC,C-T,"C_8, C_4","Arg98His, Gln99Gln","Missense, Silent"
GGCCTTCTTTGAGTTCGGTG,TTGTGGCCTTCTTTGAGTTCGGTGGGGTCA,BCL2,63318204,sense,GGGT,C-T,"C_4, C_7","Ala149Ala, Phe150Phe","Silent, Silent"
GGCGAAGTCGCGGCGGTAGC,TCTCGGCGAAGTCGCGGCGGTAGCGGCGGG,BCL2,63318328,antisense,GGCG,C-T,,,
GGCGACCGGGTCCCGGGATG,TCCTGGCGACCGGGTCCCGGGATGCGGCTG,BCL2,63318466,antisense,CGGC,C-T,"C_7, C_6","Pro65Pro, Val66Ile","Silent, Missense"
GGCGCACGCTGGGAGAACAG,GGATGGCGCACGCTGGGAGAACAGGGTACG,BCL2,63318645,sense,GGTA,C-T,C_5_7,His3Tyr,Missense
GGCGCCGCGCCCCCGGGGGC,TGTGGGCGCCGCGCCCCCGGGGGCCGCCCC,BCL2,63318542,sense,CGCC,C-T,"C_5_6, C_8","Ala37Val, Ala38Val","Missense, Missense"
GGCGCGGCGCCCACATCTCC,CGGGGGCGCGGCGCCCACATCTCCCGCATC,BCL2,63318551,antisense,CGCA,C-T,"C_8, C_5","Ala37Thr, Ala38Thr","Missense, Missense"
GGCGGCCCCCGGGGGCGCGG,CGGGGGCGGCCCCCGGGGGCGCGGCGCCCA,BCL2,63318538,antisense,CGCC,C-T,"C_8_7, C_6","Gly41Glu, Ala42Thr","Missense, Missense"
GGCGGCGCCGGGGGCAGCCG,CCGCGGCGGCGCCGGGGGCAGCCGGGGTCT,BCL2,63318424,antisense,GGGT,C-T,"C_8, C_6","Gly79Asp, Ala80Thr","Missense, Missense"
GGCGTCAGGTGCAGCTGGCT,GAAGGGCGTCAGGTGCAGCTGGCTGGACAT,BCL2,63318299,antisense,GGAC,C-T,C_6,Leu121Leu,Silent
GGCGTGTGCCCGGGCTGGGA,ATGGGGCGTGTGCCCGGGCTGGGAGGAGAA,BCL2,63318497,antisense,GGAG,C-T,,,
GGCTACGAGTGGGATGCGGG,GAGGGGCTACGAGTGGGATGCGGGAGATGT,BCL2,63318569,sense,AGAT,C-T,C_6,Tyr28Tyr,Silent
GGCTGCCCCCGGCGCCGCCG,CCCCGGCTGCCCCCGGCGCCGCCGCGGGGC,BCL2,63318423,sense,CGGG,C-T,"C_6_7, C_8","Ala77Val, Pro78Ser","Missense, Missense"
GGCTGGATGGGGCGTGTGCC,ATGCGGCTGGATGGGGCGTGTGCCCGGGCT,BCL2,63318487,antisense,CGGG,C-T,,,
GGCTGGGAGGAGAAGATGCC,CCCGGGCTGGGAGGAGAAGATGCCCGGTGC,BCL2,63318509,antisense,CGGT,C-T,,,
GGCTGGGTAGGTGCACTTGG,CGGAGGCTGGGTAGGTGCACTTGGTGATGT,BCL2,63318068,sense,TGAT,C-T,,,
GGGAAGGATGGCGCACGCTG,CTCTGGGAAGGATGGCGCACGCTGGGAGAA,BCL2,63318654,sense,GGAG,C-T,,,
GGGACGCTTTGCCACGGTGG,CGCGGGGACGCTTTGCCACGGTGGTGGAGG,BCL2,63318267,sense,TGGA,C-T,C_5_7,Arg129Cys,Missense
GGGACGGGGTGAACTGGGGG,TTCAGGGACGGGGTGAACTGGGGGAGGATT,BCL2,63318232,sense,AGGA,C-T,C_5,Asp140Asp,Silent
GGGAGAAGTCGTCGCCGGCC,CGGCGGGAGAAGTCGTCGCCGGCCTGGCGG,BCL2,63318351,antisense,TGGC,C-T,,,
GGGAGATGTCGCCCCTGGTG,AACCGGGAGATGTCGCCCCTGGTGGACAAC,BCL2,63318157,sense,GACA,C-T,,,
GGGAGGATTGTGGCCTTCTT,CTGGGGGAGGATTGTGGCCTTCTTTGAGTT,BCL2,63318215,sense,TGAG,C-T,,,
GGGCACACGCCCCATCCAGC,GCCCGGGCACACGCCCCATCCAGCCGCATC,BCL2,63318488,sense,CGCA,C-T,"C_4_6, C_8","His55Tyr, Thr56Met","Missense, Missense"
GGGCAGCCGGGGTCTGCAGC,CCGGGGGCAGCCGGGGTCTGCAGCGGCGAG,BCL2,63318435,antisense,GGCG,C-T,"C_8, C_7, C_4","Pro75Pro, Ala76Thr, Ala77Thr","Silent, Missense, Missense"
GGGCCGTACAGTTCCACAAA,GCTGGGGCCGTACAGTTCCACAAAGGCATC,BCL2,63128734,antisense,GGCA,C-T,C_5_4,Gly203Asn,Missense
GGGCGACATCTCCCGGTTGA,CCAGGGGCGACATCTCCCGGTTGACGCTCT,BCL2,63318163,antisense,CGCT,C-T,"C_7, C_4","Met166Ile, Ser167Ser","Missense, Silent"
GGGCGATGTTGTCCACCAGG,CACAGGGCGATGTTGTCCACCAGGGGCGAC,BCL2,63318144,antisense,GGCG,C-T,C_4,Ala174Thr,Missense
GGGCGTCAGGTGCAGCTGGC,TGAAGGGCGTCAGGTGCAGCTGGCTGGACA,BCL2,63318298,antisense,TGGA,C-T,"C_7, C_4","Leu121Leu, Thr122Thr","Silent, Silent"
GGGCGTGTGCCCGGGCTGGG,GATGGGGCGTGTGCCCGGGCTGGGAGGAGA,BCL2,63318496,antisense,AGGA,C-T,C_4,Thr56Thr,Silent
GGGCTACGAGTGGGATGCGG,AGAGGGGCTACGAGTGGGATGCGGGAGATG,BCL2,63318570,sense,GAGA,C-T,"C_4, C_7","Gly27Gly, Tyr28Tyr","Silent, Silent"
GGGCTGAGCGCAGGCCCCGC,CACCGGGCTGAGCGCAGGCCCCGCGGCGGC,BCL2,63318404,antisense,GGCG,C-T,C_4,Ser87Asn,Missense
GGGGACGCTTTGCCACGGTG,GCGCGGGGACGCTTTGCCACGGTGGTGGAG,BCL2,63318268,sense,GTGG,C-T,C_6_8,Arg129Cys,Missense
GGGGCAGCCGGGGTCTGCAG,GCCGGGGGCAGCCGGGGTCTGCAGCGGCGA,BCL2,63318434,antisense,CGGC,C-T,"C_8, C_5","Ala76Thr, Ala77Thr","Missense, Missense"
GGGGCCGTACAGTTCCACAA,TGCTGGGGCCGTACAGTTCCACAAAGGCAT,BCL2,63128733,antisense,AGGC,C-T,C_6_5,Gly203Asn,Missense
GGGGCCTGCGCTCAGCCCGG,CCGCGGGGCCTGCGCTCAGCCCGGTGCCAC,BCL2,63318402,sense,TGCC,C-T,C_5_6,Pro84Phe,Missense
GGGGCGGCCCCCGGGGGCGC,TGCGGGGGCGGCCCCCGGGGGCGCGGCGCC,BCL2,63318536,antisense,GGCG,C-T,"C_8, C_5","Ala42Thr, Ala43Thr","Missense, Missense"
GGGGCGTGTGCCCGGGCTGG,GGATGGGGCGTGTGCCCGGGCTGGGAGGAG,BCL2,63318495,antisense,GAGG,C-T,C_5,Thr56Thr,Silent
GGGGCTACGAGTGGGATGCG,CAGAGGGGCTACGAGTGGGATGCGGGAGAT,BCL2,63318571,sense,GGAG,C-T,"C_5, C_8","Gly27Gly, Tyr28Tyr","Silent, Silent"
GGGGGCGGCCCCCGGGGGCG,GTGCGGGGGCGGCCCCCGGGGGCGCGGCGC,BCL2,63318535,antisense,CGGC,C-T,C_6,Ala43Thr,Missense
GGGGTCATGTGTGTGGAGAG,CGGTGGGGTCATGTGTGTGGAGAGCGTCAA,BCL2,63318185,sense,CGTC,C-T,C_6,Val156Val,Silent
GGGGTGAACTGGGGGAGGAT,GGACGGGGTGAACTGGGGGAGGATTGTGGC,BCL2,63318227,sense,TGTG,C-T,,,
GGGTACGATAACCGGGAGAT,AACAGGGTACGATAACCGGGAGATAGTGAT,BCL2,63318626,sense,AGTG,C-T,C_6,Tyr9Tyr,Silent
GGGTAGGTGCACTTGGTGAT,GGCTGGGTAGGTGCACTTGGTGATGTGAGT,BCL2,63318064,sense,GTGA,C-T,,,
GGGTCAGGTGGACCACAGGT,CGGAGGGTCAGGTGGACCACAGGTGGCACC,BCL2,63318378,antisense,GGCA,C-T,C_5,Leu95Leu,Silent
GGGTCATGTGTGTGGAGAGC,GGTGGGGTCATGTGTGTGGAGAGCGTCAAC,BCL2,63318184,sense,GTCA,C-T,C_5,Val156Val,Silent
GGGTGAACTGGGGGAGGATT,GACGGGGTGAACTGGGGGAGGATTGTGGCC,BCL2,63318226,sense,GTGG,C-T,C_8,Asn143Asn,Silent
GGGTGATGCAAGCTCCCACC,CCCAGGGTGATGCAAGCTCCCACCAGGGCC,BCL2,63128651,antisense,AGGG,C-T,,,
GGGTGCCTATCTGGGCCACA,CCCTGGGTGCCTATCTGGGCCACAAGTGAA,BCL2,63128630,sense,AGTG,C-T,C_6_7,Ala234Val,Missense
GGTACGATAACCGGGAGATA,ACAGGGTACGATAACCGGGAGATAGTGATG,BCL2,63318625,sense,GTGA,C-T,C_5,Tyr9Tyr,Silent
GGTAGGTGCACTTGGTGATG,GCTGGGTAGGTGCACTTGGTGATGTGAGTC,BCL2,63318063,sense,TGAG,C-T,,,
GGTCCACCTGACCCTCCGCC,CTGTGGTCCACCTGACCCTCCGCCAGGCCG,BCL2,63318372,sense,AGGC,C-T,"C_4, C_5_7, C_8","Val93Val, His94Tyr, Leu95Leu","Silent, Missense, Silent"
GGTCCCGGGATGCGGCTGGA,ACCGGGTCCCGGGATGCGGCTGGATGGGGC,BCL2,63318474,antisense,TGGG,C-T,"C_6_5, C_4","Arg63Gln, Asp64Asn","Missense, Missense"
GGTCCTGGCGACCGGGTCCC,GCGAGGTCCTGGCGACCGGGTCCCGGGATG,BCL2,63318460,antisense,GGGA,C-T,C_5_4,Arg68Lys,Missense
GGTCGCCAGGACCTCGCCGC,ACCCGGTCGCCAGGACCTCGCCGCTGCAGA,BCL2,63318453,sense,TGCA,C-T,"C_4, C_6_7","Val66Val, Ala67Val","Silent, Missense"
GGTCTGCAGCGGCGAGGTCC,CCGGGGTCTGCAGCGGCGAGGTCCTGGCGA,BCL2,63318445,antisense,TGGC,C-T,"C_7, C_4","Leu72Leu, Gln73Gln","Silent, Silent"
GGTGAACTGGGGGAGGATTG,ACGGGGTGAACTGGGGGAGGATTGTGGCCT,BCL2,63318225,sense,TGGC,C-T,C_7,Asn143Asn,Silent
GGTGATGCAAGCTCCCACCA,CCAGGGTGATGCAAGCTCCCACCAGGGCCA,BCL2,63128652,antisense,GGGC,C-T,C_8,Cys229Tyr,Missense
GGTGCCACCTGTGGTCCACC,GCCCGGTGCCACCTGTGGTCCACCTGACCC,BCL2,63318384,sense,TGAC,C-T,"C_5_6, C_8","Pro90Leu, Pro91Ser","Missense, Missense"
GGTGCCGGTTCAGGTACTCA,TGCAGGTGCCGGTTCAGGTACTCAGTCATC,BCL2,63318114,antisense,GTCA,C-T,C_6_5,Arg183Gln,Missense
GGTGCCTATCTGGGCCACAA,CCTGGGTGCCTATCTGGGCCACAAGTGAAG,BCL2,63128629,sense,GTGA,C-T,C_5_6,Ala234Val,Missense
GGTGCGGGGGCGGCCCCCGG,GCCCGGTGCGGGGGCGGCCCCCGGGGGCGC,BCL2,63318530,antisense,GGGC,C-T,C_5,Ala45Thr,Missense
GGTGCTCTATGCTTCACCAT,,ONE_NON-GENE_SITE,,,,,,ONE_NON-GENE_SITE,ONE_NON-GENE_SITE
GGTGGACAACATCGCCCTGT,CCCTGGTGGACAACATCGCCCTGTGGATGA,BCL2,63318141,sense,GGAT,C-T,C_7,Asp171Asp,Silent
GGTGGACCACAGGTGGCACC,GTCAGGTGGACCACAGGTGGCACCGGGCTG,BCL2,63318384,antisense,GGGC,C-T,"C_8, C_7","Val92Val, Val93Ile","Silent, Missense"
GGTGGCACCGGGCTGAGCGC,CACAGGTGGCACCGGGCTGAGCGCAGGCCC,BCL2,63318395,antisense,AGGC,C-T,C_8_6,Val89Ile,Missense
GGTGGGAGCTTGCATCACCC,CCCTGGTGGGAGCTTGCATCACCCTGGGTG,BCL2,63128651,sense,TGGG,C-T,,,
GGTGGGGTCATGTGTGTGGA,GTTCGGTGGGGTCATGTGTGTGGAGAGCGT,BCL2,63318188,sense,GAGC,C-T,,,
GGTGGTGGAGGAGCTCTTCA,CCACGGTGGTGGAGGAGCTCTTCAGGGACG,BCL2,63318252,sense,GGGA,C-T,,,
GGTGTGCAGGTGCCGGTTCA,TCCAGGTGTGCAGGTGCCGGTTCAGGTACT,BCL2,63318106,antisense,GGTA,C-T,C_7,Leu185Leu,Silent
GTAAATCACCTGATGCGGTA,,ONE_NON-GENE_SITE,,,,,,ONE_NON-GENE_SITE,ONE_NON-GENE_SITE
GTACATCCATTATAAGCTGT,TGAAGTACATCCATTATAAGCTGTCGCAGA,BCL2,63318597,sense,CGCA,C-T,"C_4, C_7, C_8","Tyr18Tyr, Ile19Ile, His20Tyr","Silent, Silent, Missense"
GTACGATAACCGGGAGATAG,CAGGGTACGATAACCGGGAGATAGTGATGA,BCL2,63318624,sense,TGAT,C-T,C_4,Tyr9Tyr,Silent
GTACGCTAGACTACGCTCGT,,NO_SITE,,,,,,NO_SITE,NO_SITE
GTACGTCCGACTATCGTACG,,NO_SITE,,,,,,NO_SITE,NO_SITE
GTACTACCTTATATCCTTCT,,SF3B1,,,,,,SF3B1,SF3B1
GTACTCAGTCATCCACAGGG,TCAGGTACTCAGTCATCCACAGGGCGATGT,BCL2,63318127,antisense,CGAT,C-T,C_6_4,Glu179Lys,Missense
GTACTTCATCACTATCTCCC,GGATGTACTTCATCACTATCTCCCGGTTAT,BCL2,63318613,antisense,GGTT,C-T,"C_7, C_4","Met16Ile, Lys17Lys","Missense, Silent"
GTAGCGGCGGGAGAAGTCGT,GGCGGTAGCGGCGGGAGAAGTCGTCGCCGG,BCL2,63318343,antisense,CGCC,C-T,"C_8, C_5","Arg106His, Arg107His","Missense, Missense"
GTAGGTGCACTTGGTGATGT,CTGGGTAGGTGCACTTGGTGATGTGAGTCT,BCL2,63318062,sense,GAGT,C-T,C_8,(NC),Intron
GTCACCTGTAAGGCCTCTCC,,PELP1,,,,,,PELP1,PELP1
GTCCACCTGACCCTCCGCCA,TGTGGTCCACCTGACCCTCCGCCAGGCCGG,BCL2,63318371,sense,GGCC,C-T,"C_4_6, C_7","His94Tyr, Leu95Leu","Missense, Silent"
GTCCAGCCAGCTGCACCTGA,AGATGTCCAGCCAGCTGCACCTGACGCCCT,BCL2,63318303,sense,CGCC,C-T,"C_4, C_7, C_8","Ser116Ser, Ser117Ser, Gln118Ter","Silent, Silent, Nonsense"
GTCCCCGCGCGGTGAAGGGC,AAGCGTCCCCGCGCGGTGAAGGGCGTCAGG,BCL2,63318282,antisense,GTCA,C-T,"C_8, C_6_5, C_4","Ala126Ala, Arg127Gln, Gly128Arg","Silent, Missense, Missense"
GTCCCGGGATGCGGCTGGAT,CCGGGTCCCGGGATGCGGCTGGATGGGGCG,BCL2,63318475,antisense,GGGG,C-T,C_5_4,Arg63Gln,Missense
GTCCTGGCGACCGGGTCCCG,CGAGGTCCTGGCGACCGGGTCCCGGGATGC,BCL2,63318461,antisense,GGAT,C-T,"C_8, C_4","Ala67Thr, Arg68Lys","Missense, Missense"
GTCGCAGAGGGGCTACGAGT,AGCTGTCGCAGAGGGGCTACGAGTGGGATG,BCL2,63318579,sense,GGGA,C-T,C_5,Gln25Ter,Nonsense
GTCGCGGCGGTAGCGGCGGG,CGAAGTCGCGGCGGTAGCGGCGGGAGAAGT,BCL2,63318334,antisense,AGAA,C-T,"C_8, C_5","Arg109His, Arg110His","Missense, Missense"
GTCGTCGCCGGCCTGGCGGA,AGAAGTCGTCGCCGGCCTGGCGGAGGGTCA,BCL2,63318358,antisense,GGGT,C-T,"C_8, C_6","Gly101Asp, Asp102Asn","Missense, Missense"
GTCTGCAGCGGCGAGGTCCT,CGGGGTCTGCAGCGGCGAGGTCCTGGCGAC,BCL2,63318446,antisense,GGCG,C-T,C_6,Leu72Leu,Silent
GTGAACTGGGGGAGGATTGT,CGGGGTGAACTGGGGGAGGATTGTGGCCTT,BCL2,63318224,sense,GGCC,C-T,C_6,Asn143Asn,Silent
GTGATACCATCCACCGTGAT,,ONE_NON-GENE_SITE,,,,,,ONE_NON-GENE_SITE,ONE_NON-GENE_SITE
GTGATGAAGTACATCCATTA,GATAGTGATGAAGTACATCCATTATAAGCT,BCL2,63318605,sense,TAAG,C-T,,,
GTGATGCAAGCTCCCACCAG,CAGGGTGATGCAAGCTCCCACCAGGGCCAA,BCL2,63128653,antisense,GGCC,C-T,C_7,Cys229Tyr,Missense
GTGATTCCGTCGCGCGCATC,,NO_SITE,,,,,,NO_SITE,NO_SITE
GTGCAGCTGGCTGGACATCT,TCAGGTGCAGCTGGCTGGACATCTCGGCGA,BCL2,63318307,antisense,CGGC,C-T,"C_7, C_4","Gln118Gln, Leu119Leu","Silent, Silent"
GTGCCCACGTTCATAATACT,,ONE_NON-GENE_SITE,,,,,,ONE_NON-GENE_SITE,ONE_NON-GENE_SITE
GTGCCCGGGCTGGGAGGAGA,GCGTGTGCCCGGGCTGGGAGGAGAAGATGC,BCL2,63318502,antisense,AGAT,C-T,C_6_5_4,Gly54Lys,Missense
GTGCCTATCTGGGCCACAAG,CTGGGTGCCTATCTGGGCCACAAGTGAAGT,BCL2,63128628,sense,TGAA,C-T,C_4_5,Ala234Val,Missense
GTGCGGGGGCGGCCCCCGGG,CCCGGTGCGGGGGCGGCCCCCGGGGGCGCG,BCL2,63318531,antisense,GGCG,C-T,C_4,Ala45Thr,Missense
GTGGAACTGTACGGCCCCAG,CTTTGTGGAACTGTACGGCCCCAGCATGCG,BCL2,63128731,sense,CATG,C-T,C_7,Leu201Leu,Silent
GTGGACAACATCGCCCTGTG,CCTGGTGGACAACATCGCCCTGTGGATGAC,BCL2,63318140,sense,GATG,C-T,C_6,Asp171Asp,Silent
GTGGACCACAGGTGGCACCG,TCAGGTGGACCACAGGTGGCACCGGGCTGA,BCL2,63318385,antisense,GGCT,C-T,"C_7, C_6","Val92Val, Val93Ile","Silent, Missense"
GTGGAGAGCGTCAACCGGGA,GTGTGTGGAGAGCGTCAACCGGGAGATGTC,BCL2,63318173,sense,GATG,C-T,,,
GTGGAGGAGCTCTTCAGGGA,GGTGGTGGAGGAGCTCTTCAGGGACGGGGT,BCL2,63318248,sense,CGGG,C-T,,,
GTGGCAAAGCGTCCCCGCGC,CACCGTGGCAAAGCGTCCCCGCGCGGTGAA,BCL2,63318272,antisense,GGTG,C-T,C_5,Ala131Thr,Missense
GTGGCACCGGGCTGAGCGCA,ACAGGTGGCACCGGGCTGAGCGCAGGCCCC,BCL2,63318396,antisense,GGCC,C-T,"C_8, C_7_5","Pro88Pro, Val89Ile","Silent, Missense"
GTGGCCCAGATAGGCACCCA,ACTTGTGGCCCAGATAGGCACCCAGGGTGA,BCL2,63128631,antisense,GGGT,C-T,"C_7, C_6_5","Leu236Leu, Gly237Asn","Silent, Missense"
GTGGCCTTCTTTGAGTTCGG,GATTGTGGCCTTCTTTGAGTTCGGTGGGGT,BCL2,63318206,sense,TGGG,C-T,C_5_6,Ala149Val,Missense
GTGGGAGCTTGCATCACCCT,CCTGGTGGGAGCTTGCATCACCCTGGGTGC,BCL2,63128650,sense,GGGT,C-T,C_8,Ala228Val,Missense
GTGGGCGCCGCGCCCCCGGG,AGATGTGGGCGCCGCGCCCCCGGGGGCCGC,BCL2,63318545,sense,GGCC,C-T,"C_6, C_8","Gly36Gly, Ala37Val","Silent, Missense"
GTGGGGTCATGTGTGTGGAG,TTCGGTGGGGTCATGTGTGTGGAGAGCGTC,BCL2,63318187,sense,AGCG,C-T,C_8,Val156Val,Silent
GTGGGTCTAACGTAAATCCA,,ONE_NON-GENE_SITE,,,,,,ONE_NON-GENE_SITE,ONE_NON-GENE_SITE
GTGGTGGAGGAGCTCTTCAG,CACGGTGGTGGAGGAGCTCTTCAGGGACGG,BCL2,63318251,sense,GGAC,C-T,,,
GTGTCTTGTGTACGCTCCAG,,ONE_NON-GENE_SITE,,,,,,ONE_NON-GENE_SITE,ONE_NON-GENE_SITE
GTGTGCCCGGGCTGGGAGGA,GGGCGTGTGCCCGGGCTGGGAGGAGAAGAT,BCL2,63318500,antisense,GAAG,C-T,C_8_7_6,Gly54Lys,Missense
GTGTGGAGAGCGTCAACCGG,ATGTGTGTGGAGAGCGTCAACCGGGAGATG,BCL2,63318175,sense,GAGA,C-T,,,
GTGTGTGGAGAGCGTCAACC,TCATGTGTGTGGAGAGCGTCAACCGGGAGA,BCL2,63318177,sense,GGGA,C-T,,,
GTTACCTGTCTGTAGTCTCT,,KPNB1,,,,,,KPNB1,KPNB1
GTTCCACAAAGGCATCCTGC,TACAGTTCCACAAAGGCATCCTGCAGTTGG,BCL2,63128744,antisense,AGTT,C-T,"C_7_5, C_4","Val199Ile, Glu200Lys","Missense, Missense"
GTTCGGTGGGGTCATGTGTG,TTGAGTTCGGTGGGGTCATGTGTGTGGAGA,BCL2,63318192,sense,TGGA,C-T,C_4,Phe153Phe,Silent
GTTCTACCTTCAGTCCGATG,,ONE_NON-GENE_SITE,,,,,,ONE_NON-GENE_SITE,ONE_NON-GENE_SITE
GTTGACGCTCTCCACACACA,CCCGGTTGACGCTCTCCACACACATGACCC,BCL2,63318178,antisense,TGAC,C-T,"C_8, C_6","Ser161Asn, Val162Ile","Missense, Missense"
GTTGACTTCACTTGTGGCCC,GCATGTTGACTTCACTTGTGGCCCAGATAG,BCL2,63128618,antisense,AGAT,C-T,C_6,(NC),UTR
GTTTGGCCCTGGTGGGAGCT,CTCAGTTTGGCCCTGGTGGGAGCTTGCATC,BCL2,63128661,sense,TGCA,C-T,C_7_8,Ala224Val,Missense
TAACCGGGAGATAGTGATGA,ACGATAACCGGGAGATAGTGATGAAGTACA,BCL2,63318618,sense,AGTA,C-T,"C_4, C_5","Asn11Asn, Arg12Trp","Silent, Missense"
TAATCGTCGCGACGTATAAG,,NO_SITE,,,,,,NO_SITE,NO_SITE
TACACAACGCGGTCCGCGTA,,NO_SITE,,,,,,NO_SITE,NO_SITE
TACACGTATCGTATTTGCCA,,ONE_NON-GENE_SITE,,,,,,ONE_NON-GENE_SITE,ONE_NON-GENE_SITE
TACCCAGCCTCCGTTATCCT,CACCTACCCAGCCTCCGTTATCCTGGATCC,BCL2,63318079,antisense,GGAT,C-T,"C_8, C_5_4","Gly194Asp, Trp195Ter","Missense, Nonsense"
TACCCTGTTCTCCCAGCGTG,ATCGTACCCTGTTCTCCCAGCGTGCGCCAT,BCL2,63318641,antisense,CGCC,C-T,C_5_4,Gly8Lys,Missense
TACCGCCGCGACTTCGCCGA,CCGCTACCGCCGCGACTTCGCCGAGATGTC,BCL2,63318326,sense,GATG,C-T,"C_4_6, C_7","Arg109Cys, Arg110Cys","Missense, Missense"
TACGAGTGGGATGCGGGAGA,GGGCTACGAGTGGGATGCGGGAGATGTGGG,BCL2,63318566,sense,TGTG,C-T,,,
TACGATAACCGGGAGATAGT,AGGGTACGATAACCGGGAGATAGTGATGAA,BCL2,63318623,sense,GATG,C-T,,,
TACTCAGTCATCCACAGGGC,CAGGTACTCAGTCATCCACAGGGCGATGTT,BCL2,63318128,antisense,GATG,C-T,C_5,Glu179Lys,Missense
TACTTACACCCTGCTGCCAC,,HNRNPU,,,,,,HNRNPU,HNRNPU
TAGAAGTCTTACGCCAAGAC,,ONE_NON-GENE_SITE,,,,,,ONE_NON-GENE_SITE,ONE_NON-GENE_SITE
TAGGCACCCAGGGTGATGCA,CAGATAGGCACCCAGGGTGATGCAAGCTCC,BCL2,63128641,antisense,AGCT,C-T,"C_8_7, C_5","Gly233Asn, Ala234Thr","Missense, Missense"
TAGGTGCACTTGGTGATGTG,TGGGTAGGTGCACTTGGTGATGTGAGTCTG,BCL2,63318061,sense,AGTC,C-T,C_7,(NC),Intron
TAGTGAAGACGATCGCGCGT,,NO_SITE,,,,,,NO_SITE,NO_SITE
TATAGGGGAACCCATACGTA,,ONE_NON-GENE_SITE,,,,,,ONE_NON-GENE_SITE,ONE_NON-GENE_SITE
TATATCGCGGCGTCGTTACA,,NO_SITE,,,,,,NO_SITE,NO_SITE
TATCCTGGATCCAGGTGTGC,CCGTTATCCTGGATCCAGGTGTGCAGGTGC,BCL2,63318093,antisense,AGGT,C-T,"C_5, C_4","Gln190Gln, Asp191Asn","Silent, Missense"
TATTCGCGCGCGATCCGATA,,NO_SITE,,,,,,NO_SITE,NO_SITE
TCAAACAGAGGCCGCATGCT,GAAATCAAACAGAGGCCGCATGCTGGGGCC,BCL2,63128713,antisense,GGGG,C-T,C_6,Leu209Leu,Silent
TCACCAGGGATAGCCCCATA,,ONE_NON-GENE_SITE,,,,,,ONE_NON-GENE_SITE,ONE_NON-GENE_SITE
TCACCCTGGGTGCCTATCTG,TGCATCACCCTGGGTGCCTATCTGGGCCAC,BCL2,63128637,sense,GGCC,C-T,"C_4_5, C_6","Thr231Ile, Leu232Leu","Missense, Silent"
TCAGCGGTCCGAAACGTAAG,,NO_SITE,,,,,,NO_SITE,NO_SITE
TCAGGGACGGGGTGAACTGG,CTCTTCAGGGACGGGGTGAACTGGGGGAGG,BCL2,63318235,sense,GGGA,C-T,C_8,Asp140Asp,Silent
TCAGGTACTCAGTCATCCAC,CGGTTCAGGTACTCAGTCATCCACAGGGCG,BCL2,63318123,antisense,AGGG,C-T,C_8,Glu179Glu,Silent
TCATGGAGTTTGAGCGACGA,,ONE_NON-GENE_SITE,,,,,,ONE_NON-GENE_SITE,ONE_NON-GENE_SITE
TCATGTTAGTTACGCGACGG,,NO_SITE,,,,,,NO_SITE,NO_SITE
TCCACACACATGACCCCACC,GCTCTCCACACACATGACCCCACCGAACTC,BCL2,63318188,antisense,GAAC,C-T,"C_7, C_5","Cys158Tyr, Val159Met","Missense, Missense"
TCCAGCCGCATCCCGGGACC,CCCATCCAGCCGCATCCCGGGACCCGGTCG,BCL2,63318474,sense,CGGT,C-T,C_6_7,Ala60Val,Missense
TCCAGGATAACGGAGGCTGG,TGGATCCAGGATAACGGAGGCTGGGTAGGT,BCL2,63318082,sense,GTAG,C-T,,,
TCCATTATAAGCTGTCGCAG,TACATCCATTATAAGCTGTCGCAGAGGGGC,BCL2,63318592,sense,AGGG,C-T,,,
TCCCACTCGTAGCCCCTCTG,CGCATCCCACTCGTAGCCCCTCTGCGACAG,BCL2,63318575,antisense,CGAC,C-T,"C_8_6, C_4","Glu29Lys, Trp30Ter","Missense, Nonsense"
TCCCAGAGGAAAAGCAACGG,TCCTTCCCAGAGGAAAAGCAACGGGGGCCA,BCL2,63318670,antisense,GGGC,C-T,C_4,(NC),UTR
TCCCGGGATGCGGCTGGATG,CGGGTCCCGGGATGCGGCTGGATGGGGCGT,BCL2,63318476,antisense,GGGC,C-T,C_4,Arg63Gln,Missense
TCCCTCCTCTCCCCCAACTG,TTCTTCCCTCCTCTCCCCCAACTGCAGGAT,BCL2,63128763,sense,CAGG,C-T,"C_4, C_6, C_7","(NC), (NC), (NC)","Intron, Intron, Intron"
TCCGTTATCCTGGATCCAGG,AGCCTCCGTTATCCTGGATCCAGGTGTGCA,BCL2,63318088,antisense,TGTG,C-T,,,
TCCTGCAGTTGGGGGAGAGG,GGCATCCTGCAGTTGGGGGAGAGGAGGGAA,BCL2,63128758,antisense,AGGG,C-T,C_6,(NC),Intron
TCCTGCTAGCGTATCGGATC,,NO_SITE,,,,,,NO_SITE,NO_SITE
TCCTGGCGACCGGGTCCCGG,GAGGTCCTGGCGACCGGGTCCCGGGATGCG,BCL2,63318462,antisense,GATG,C-T,C_7,Ala67Thr,Missense
TCCTTCGAACGATCGGCGTA,,NO_SITE,,,,,,NO_SITE,NO_SITE
TCGACTCGGCGCCGCGACAT,,NO_SITE,,,,,,NO_SITE,NO_SITE
TCGCAGAGGGGCTACGAGTG,GCTGTCGCAGAGGGGCTACGAGTGGGATGC,BCL2,63318578,sense,GGAT,C-T,C_4,Gln25Ter,Nonsense
TCGCCAGGACCTCGCCGCTG,CCGGTCGCCAGGACCTCGCCGCTGCAGACC,BCL2,63318451,sense,CAGA,C-T,C_4_5,Ala67Val,Missense
TCGCCCCTGGTGGACAACAT,GATGTCGCCCCTGGTGGACAACATCGCCCT,BCL2,63318149,sense,CGCC,C-T,"C_4_5_6, C_7","Pro168Phe, Leu169Leu","Missense, Silent"
TCGCCGCTGCAGACCCCGGC,GACCTCGCCGCTGCAGACCCCGGCTGCCCC,BCL2,63318440,sense,TGCC,C-T,"C_4_5, C_7","Pro71Leu, Leu72Leu","Missense, Silent"
TCGCCGGCCTGGCGGAGGGT,GTCGTCGCCGGCCTGGCGGAGGGTCAGGTG,BCL2,63318362,antisense,CAGG,C-T,"C_8, C_5_4","Ala100Thr, Gly101Asn","Missense, Missense"
TCGCGATTATACGCGCTAAC,,NO_SITE,,,,,,NO_SITE,NO_SITE
TCGCGGCGGTAGCGGCGGGA,GAAGTCGCGGCGGTAGCGGCGGGAGAAGTC,BCL2,63318335,antisense,GAAG,C-T,"C_7, C_4","Arg109His, Arg110His","Missense, Missense"
TCGGTGGGGTCATGTGTGTG,GAGTTCGGTGGGGTCATGTGTGTGGAGAGC,BCL2,63318190,sense,GAGA,C-T,,,
TCGTCGCCGGCCTGGCGGAG,GAAGTCGTCGCCGGCCTGGCGGAGGGTCAG,BCL2,63318359,antisense,GGTC,C-T,"C_8_7, C_5","Gly101Asn, Asp102Asn","Missense, Missense"
TCGTTCCGGTCGTCGACCGT,,NO_SITE,,,,,,NO_SITE,NO_SITE
TCTACTCAGGTGACCAACCA,,ONE_NON-GENE_SITE,,,,,,ONE_NON-GENE_SITE,ONE_NON-GENE_SITE
TCTGAAGACTCTGCTCAGTT,TGTCTCTGAAGACTCTGCTCAGTTTGGCCC,BCL2,63128678,sense,TGGC,C-T,,,
TCTGCGACAGCTTATAATGG,CCCCTCTGCGACAGCTTATAATGGATGTAC,BCL2,63318591,antisense,ATGT,C-T,"C_8, C_5","Leu23Leu, Ser24Ser","Silent, Silent"
TCTGCTCAGTTTGGCCCTGG,AGACTCTGCTCAGTTTGGCCCTGGTGGGAG,BCL2,63128669,sense,TGGG,C-T,C_5_7,Leu221Phe,Missense
TCTGTTTGATTTCTCCTGGC,GGCCTCTGTTTGATTTCTCCTGGCTGTCTC,BCL2,63128702,sense,TGTC,C-T,,,
TCTTACCTCCCGCCTGCTGC,,HNRNPU,,,,,,HNRNPU,HNRNPU
TCTTCAGGGACGGGGTGAAC,GAGCTCTTCAGGGACGGGGTGAACTGGGGG,BCL2,63318238,sense,TGGG,C-T,C_5,Phe138Phe,Silent
TCTTTGAGTTCGGTGGGGTC,GCCTTCTTTGAGTTCGGTGGGGTCATGTGT,BCL2,63318199,sense,ATGT,C-T,,,
TGAACACGAGACCTACACTC,,ONE_NON-GENE_SITE,,,,,,ONE_NON-GENE_SITE,ONE_NON-GENE_SITE
TGAACCGGCACCTGCACACC,TACCTGAACCGGCACCTGCACACCTGGATC,BCL2,63318106,sense,TGGA,C-T,"C_5, C_6","Asn182Asn, Arg183Trp","Silent, Missense"
TGAAGAGCTCCTCCACCACC,TCCCTGAAGAGCTCCTCCACCACCGTGGCA,BCL2,63318252,antisense,GTGG,C-T,C_8,Glu136Glu,Silent
TGAAGGGCGTCAGGTGCAGC,GCGGTGAAGGGCGTCAGGTGCAGCTGGCTG,BCL2,63318294,antisense,TGGC,C-T,C_8,Thr122Thr,Silent
TGACCCCACCGAACTCAAAG,CACATGACCCCACCGAACTCAAAGAAGGCC,BCL2,63318198,antisense,AAGG,C-T,"C_7_6_5, C_4","Gly155Lys, Val156Ile","Missense, Missense"
TGACCCTCCGCCAGGCCGGC,CACCTGACCCTCCGCCAGGCCGGCGACGAC,BCL2,63318364,sense,GACG,C-T,"C_4_5, C_6_8","Thr96Ile, Leu97Phe","Missense, Missense"
TGACCTTCATCATGACGCAT,,ONE_NON-GENE_SITE,,,,,,ONE_NON-GENE_SITE,ONE_NON-GENE_SITE
TGACGCCCTTCACCGCGCGG,CACCTGACGCCCTTCACCGCGCGGGGACGC,BCL2,63318286,sense,GGAC,C-T,"C_4, C_6_7_8","Thr122Met, Pro123Phe","Missense, Missense"
TGACTTCACTTGTGGCCCAG,ATGTTGACTTCACTTGTGGCCCAGATAGGC,BCL2,63128620,antisense,ATAG,C-T,"C_7, C_4","Ter240Ter, (NC)","Silent, UTR"
TGAGTACCTGAACCGGCACC,TGACTGAGTACCTGAACCGGCACCTGCACA,BCL2,63318114,sense,TGCA,C-T,"C_7, C_8","Tyr180Tyr, Leu181Leu","Silent, Silent"
TGATTTCTCCTGGCTGTCTC,TGTTTGATTTCTCCTGGCTGTCTCTGAAGA,BCL2,63128696,sense,TGAA,C-T,C_7,Phe212Phe,Silent
TGCACACCTGGATCCAGGAT,CACCTGCACACCTGGATCCAGGATAACGGA,BCL2,63318094,sense,AACG,C-T,"C_5, C_7_8","His186His, Thr187Ile","Silent, Missense"
TGCACGACCTCGCTTTCATG,,ONE_NON-GENE_SITE,,,,,,ONE_NON-GENE_SITE,ONE_NON-GENE_SITE
TGCAGACCCCGGCTGCCCCC,CCGCTGCAGACCCCGGCTGCCCCCGGCGCC,BCL2,63318433,sense,GGCG,C-T,C_7_8,Thr74Ile,Missense
TGCAGCTGGCTGGACATCTC,CAGGTGCAGCTGGCTGGACATCTCGGCGAA,BCL2,63318308,antisense,GGCG,C-T,C_6,Gln118Gln,Silent
TGCAGTTGGGGGAGAGGAGG,ATCCTGCAGTTGGGGGAGAGGAGGGAAGAA,BCL2,63128761,antisense,GAAG,C-T,,,
TGCATCGGAGCAGCTATCGT,,ONE_NON-GENE_SITE,,,,,,ONE_NON-GENE_SITE,ONE_NON-GENE_SITE
TGCCCCCGGCGCCGCCGCGG,CGGCTGCCCCCGGCGCCGCCGCGGGGCCTG,BCL2,63318420,sense,GGCC,C-T,"C_4, C_5_6_7","Ala77Ala, Pro78Phe","Silent, Missense"
TGCCCGGGCTGGGAGGAGAA,CGTGTGCCCGGGCTGGGAGGAGAAGATGCC,BCL2,63318503,antisense,GATG,C-T,C_5_4,Gly54Lys,Missense
TGCCGTAACGCTATCCGGTC,,NO_SITE,,,,,,NO_SITE,NO_SITE
TGCCTATCTGGGCCACAAGT,TGGGTGCCTATCTGGGCCACAAGTGAAGTC,BCL2,63128627,sense,GAAG,C-T,"C_4, C_8","Ala234Ala, Leu236Leu","Silent, Silent"
TGCCTGTGCCATTACGCTAA,,ONE_NON-GENE_SITE,,,,,,ONE_NON-GENE_SITE,ONE_NON-GENE_SITE
TGCGGGAGATGTGGGCGCCG,GGGATGCGGGAGATGTGGGCGCCGCGCCCC,BCL2,63318555,sense,CGCC,C-T,,,
TGCGTATCCGATCACGCGTC,,NO_SITE,,,,,,NO_SITE,NO_SITE
TGCTCAGTTTGGCCCTGGTG,ACTCTGCTCAGTTTGGCCCTGGTGGGAGCT,BCL2,63128667,sense,GGAG,C-T,C_5,Leu221Leu,Silent
TGGACATCTCGGCGAAGTCG,TGGCTGGACATCTCGGCGAAGTCGCGGCGG,BCL2,63318318,antisense,CGGC,C-T,"C_8, C_5","Glu114Glu, Met115Ile","Silent, Missense"
TGGAGAGCGTCAACCGGGAG,TGTGTGGAGAGCGTCAACCGGGAGATGTCG,BCL2,63318172,sense,ATGT,C-T,C_8,Ser161Ser,Silent
TGGAGGAGCTCTTCAGGGAC,GTGGTGGAGGAGCTCTTCAGGGACGGGGTG,BCL2,63318247,sense,GGGG,C-T,,,
TGGCAAAGCGTCCCCGCGCG,ACCGTGGCAAAGCGTCCCCGCGCGGTGAAG,BCL2,63318273,antisense,GTGA,C-T,C_4,Ala131Thr,Missense
TGGCCCAGATAGGCACCCAG,CTTGTGGCCCAGATAGGCACCCAGGGTGAT,BCL2,63128632,antisense,GGTG,C-T,"C_6, C_5_4","Leu236Leu, Gly237Asn","Silent, Missense"
TGGCCTTCTTTGAGTTCGGT,ATTGTGGCCTTCTTTGAGTTCGGTGGGGTC,BCL2,63318205,sense,GGGG,C-T,"C_4_5, C_8","Ala149Val, Phe150Phe","Missense, Silent"
TGGCGCACGCTGGGAGAACA,AGGATGGCGCACGCTGGGAGAACAGGGTAC,BCL2,63318646,sense,GGGT,C-T,"C_4, C_6_8","Ala2Val, His3Tyr","Missense, Missense"
TGGGAAGGATGGCGCACGCT,CCTCTGGGAAGGATGGCGCACGCTGGGAGA,BCL2,63318655,sense,GGGA,C-T,,,
TGGGAGCTTGCATCACCCTG,CTGGTGGGAGCTTGCATCACCCTGGGTGCC,BCL2,63128649,sense,GGTG,C-T,C_7,Ala228Val,Missense
TGGGAGGAGAAGATGCCCGG,GGGCTGGGAGGAGAAGATGCCCGGTGCGGG,BCL2,63318512,antisense,TGCG,C-T,,,
TGGGATGCGGGAGATGTGGG,CGAGTGGGATGCGGGAGATGTGGGCGCCGC,BCL2,63318560,sense,CGCC,C-T,C_8,Ala32Val,Missense
TGGGATTCGTCGATCGATGT,,NO_SITE,,,,,,NO_SITE,NO_SITE
TGGGCCACAAGTGAAGTCAA,TATCTGGGCCACAAGTGAAGTCAACATGCC,BCL2,63128619,sense,CATG,C-T,"C_5, C_6_8","Gly237Gly, His238Tyr","Silent, Missense"
TGGGGCCGTACAGTTCCACA,ATGCTGGGGCCGTACAGTTCCACAAAGGCA,BCL2,63128732,antisense,AAGG,C-T,C_7_6,Gly203Asn,Missense
TGGGGCGTGTGCCCGGGCTG,TGGATGGGGCGTGTGCCCGGGCTGGGAGGA,BCL2,63318494,antisense,GGAG,C-T,C_6,Thr56Thr,Silent
TGGGGTTTCATACGCGCGCA,,NO_SITE,,,,,,NO_SITE,NO_SITE
TGGGTAGGTGCACTTGGTGA,AGGCTGGGTAGGTGCACTTGGTGATGTGAG,BCL2,63318065,sense,TGTG,C-T,,,
TGGGTGCCTATCTGGGCCAC,ACCCTGGGTGCCTATCTGGGCCACAAGTGA,BCL2,63128631,sense,AAGT,C-T,C_7_8,Ala234Val,Missense
TGGTCCACCTGACCCTCCGC,CCTGTGGTCCACCTGACCCTCCGCCAGGCC,BCL2,63318373,sense,CAGG,C-T,"C_5, C_6_8","Val93Val, His94Tyr","Silent, Missense"
TGGTGGACAACATCGCCCTG,CCCCTGGTGGACAACATCGCCCTGTGGATG,BCL2,63318142,sense,TGGA,C-T,C_8,Asp171Asp,Silent
TGGTGGAGGAGCTCTTCAGG,ACGGTGGTGGAGGAGCTCTTCAGGGACGGG,BCL2,63318250,sense,GACG,C-T,,,
TGTAAGTATCGCGCGCCGAA,,NO_SITE,,,,,,NO_SITE,NO_SITE
TGTAATTAACACTCCGTACG,,ONE_NON-GENE_SITE,,,,,,ONE_NON-GENE_SITE,ONE_NON-GENE_SITE
TGTACTACCTTATATCCTTC,,SF3B1,,,,,,SF3B1,SF3B1
TGTACTTCATCACTATCTCC,TGGATGTACTTCATCACTATCTCCCGGTTA,BCL2,63318612,antisense,CGGT,C-T,"C_8, C_5","Met16Ile, Lys17Lys","Missense, Silent"
TGTCGACTGACGTATACGAT,,NO_SITE,,,,,,NO_SITE,NO_SITE
TGTCGATGTTCGATCGAACG,,NO_SITE,,,,,,NO_SITE,NO_SITE
TGTCGCAGAGGGGCTACGAG,AAGCTGTCGCAGAGGGGCTACGAGTGGGAT,BCL2,63318580,sense,TGGG,C-T,"C_4, C_6","Ser24Leu, Gln25Ter","Missense, Nonsense"
TGTCTCTGAAGACTCTGCTC,TGGCTGTCTCTGAAGACTCTGCTCAGTTTG,BCL2,63128682,sense,AGTT,C-T,"C_4, C_6","Ser216Phe, Leu217Leu","Missense, Silent"
TGTGCCCGGGCTGGGAGGAG,GGCGTGTGCCCGGGCTGGGAGGAGAAGATG,BCL2,63318501,antisense,AAGA,C-T,C_7_6_5,Gly54Lys,Missense
TGTGGAGAGCGTCAACCGGG,TGTGTGTGGAGAGCGTCAACCGGGAGATGT,BCL2,63318174,sense,AGAT,C-T,,,
TGTGGCCCAGATAGGCACCC,CACTTGTGGCCCAGATAGGCACCCAGGGTG,BCL2,63128630,antisense,AGGG,C-T,"C_8, C_7_6","Leu236Leu, Gly237Asn","Silent, Missense"
TGTGGCCTTCTTTGAGTTCG,GGATTGTGGCCTTCTTTGAGTTCGGTGGGG,BCL2,63318207,sense,GTGG,C-T,C_6_7,Ala149Val,Missense
TGTGGGCGCCGCGCCCCCGG,GAGATGTGGGCGCCGCGCCCCCGGGGGCCG,BCL2,63318546,sense,GGGC,C-T,C_7,Gly36Gly,Silent
TGTGTGGAGAGCGTCAACCG,CATGTGTGTGGAGAGCGTCAACCGGGAGAT,BCL2,63318176,sense,GGAG,C-T,,,
TGTGTGTGGAGAGCGTCAAC,GTCATGTGTGTGGAGAGCGTCAACCGGGAG,BCL2,63318178,sense,CGGG,C-T,,,
TGTTGACTTCACTTGTGGCC,GGCATGTTGACTTCACTTGTGGCCCAGATA,BCL2,63128617,antisense,CAGA,C-T,C_7,(NC),UTR
TTACGTATACGTTTCGCGCA,,NO_SITE,,,,,,NO_SITE,NO_SITE
TTACTCACCATGGTGGCGGA,,EEF2,,,,,,EEF2,EEF2
TTATCCTGGATCCAGGTGTG,TCCGTTATCCTGGATCCAGGTGTGCAGGTG,BCL2,63318092,antisense,CAGG,C-T,"C_6, C_5","Gln190Gln, Asp191Asn","Silent, Missense"
TTATCGCGACCGAACGAACG,,NO_SITE,,,,,,NO_SITE,NO_SITE
TTATCGTACCCTGTTCTCCC,CCGGTTATCGTACCCTGTTCTCCCAGCGTG,BCL2,63318635,antisense,AGCG,C-T,C_5,Asp10Asn,Missense
TTATTTACCACGCATACCCG,,ONE_NON-GENE_SITE,,,,,,ONE_NON-GENE_SITE,ONE_NON-GENE_SITE
TTCACCGCGCGGGGACGCTT,GCCCTTCACCGCGCGGGGACGCTTTGCCAC,BCL2,63318278,sense,TGCC,C-T,"C_5_6, C_8","Thr125Ile, Ala126Val","Missense, Missense"
TTCAGGGACGGGGTGAACTG,GCTCTTCAGGGACGGGGTGAACTGGGGGAG,BCL2,63318236,sense,GGGG,C-T,,,
TTCAGGTACTCAGTCATCCA,CCGGTTCAGGTACTCAGTCATCCACAGGGC,BCL2,63318122,antisense,CAGG,C-T,,,
TTCCAGCCTTCAACGGCCAA,,ONE_NON-GENE_SITE,,,,,,ONE_NON-GENE_SITE,ONE_NON-GENE_SITE
TTCCCAGAGGAAAAGCAACG,ATCCTTCCCAGAGGAAAAGCAACGGGGGCC,BCL2,63318669,antisense,GGGG,C-T,"C_5, C_4","(NC), (NC)","UTR, UTR"
TTCCTCTGGGAAGGATGGCG,GCTTTTCCTCTGGGAAGGATGGCGCACGCT,BCL2,63318661,sense,CACG,C-T,"C_4, C_6","(NC), (NC)","UTR, UTR"
TTCGGTGGGGTCATGTGTGT,TGAGTTCGGTGGGGTCATGTGTGTGGAGAG,BCL2,63318191,sense,GGAG,C-T,,,
TTCTCCCGCCGCTACCGCCG,CGACTTCTCCCGCCGCTACCGCCGCGACTT,BCL2,63318338,sense,CGAC,C-T,"C_5_6, C_7","Ser105Phe, Arg106Cys","Missense, Missense"
TTCTCCTCCCAGCCCGGGCA,CATCTTCTCCTCCCAGCCCGGGCACACGCC,BCL2,63318503,sense,CACG,C-T,"C_5_6, C_8","Ser50Phe, Ser51Phe","Missense, Missense"
TTCTCCTGGCTGTCTCTGAA,TGATTTCTCCTGGCTGTCTCTGAAGACTCT,BCL2,63128692,sense,GACT,C-T,C_5_6,Ser213Phe,Missense
TTCTTTGAGTTCGGTGGGGT,GGCCTTCTTTGAGTTCGGTGGGGTCATGTG,BCL2,63318200,sense,CATG,C-T,,,
TTGACTTCACTTGTGGCCCA,CATGTTGACTTCACTTGTGGCCCAGATAGG,BCL2,63128619,antisense,GATA,C-T,"C_8, C_5","Ter240Ter, (NC)","Silent, UTR"
TTGAGTTCGGTGGGGTCATG,TTCTTTGAGTTCGGTGGGGTCATGTGTGTG,BCL2,63318196,sense,TGTG,C-T,C_8,Phe153Phe,Silent
TTGTATCACACGCATCCTAT,,ONE_NON-GENE_SITE,,,,,,ONE_NON-GENE_SITE,ONE_NON-GENE_SITE
TTGTGGAACTGTACGGCCCC,GCCTTTGTGGAACTGTACGGCCCCAGCATG,BCL2,63128733,sense,AGCA,C-T,,,
TTGTGGCCCAGATAGGCACC,TCACTTGTGGCCCAGATAGGCACCCAGGGT,BCL2,63128629,antisense,CAGG,C-T,C_8_7,Gly237Asn,Missense
TTGTGGCCTTCTTTGAGTTC,AGGATTGTGGCCTTCTTTGAGTTCGGTGGG,BCL2,63318208,sense,GGTG,C-T,C_7_8,Ala149Val,Missense
TTGTTTGGGGCAGGCATGTT,ATATTTGTTTGGGGCAGGCATGTTGACTTC,BCL2,63128601,antisense,GACT,C-T,,,
TTTCTCCTGGCTGTCTCTGA,TTGATTTCTCCTGGCTGTCTCTGAAGACTC,BCL2,63128693,sense,AGAC,C-T,"C_4, C_6_7","Phe212Phe, Ser213Phe","Silent, Missense"
TTTGTTTGGGGCAGGCATGT,CATATTTGTTTGGGGCAGGCATGTTGACTT,BCL2,63128600,antisense,TGAC,C-T,,,